variant,timeframe,period,entry_time,exit_time,trade_count,total_pnl_pips,win_rate_pct,profit_factor,max_drawdown_pips,avg_win_pips,avg_loss_pips,avg_win_loss_ratio,avg_trade_pips,median_trade_pips,max_win_pips,max_loss_pips,pnl_skew,avg_holding_bars,top_1pct_win_contribution_pct,top_5pct_win_contribution_pct,top_10pct_win_contribution_pct,entry_price,exit_price,gross_pnl_pips,cost_pips
ma_cross_long_short,60m,full_2023_2025,2023-01-01 22:00:00,2025-12-31 21:00:00,292,-140.10000000002492,35.273972602739725,0.9896170692121258,2067.1000000000026,129.6427184466019,-71.3931216931218,1.8158992823406965,-0.47979452054803057,-30.49999999999875,574.9999999999991,-258.49999999999886,1.5506900851220786,64.03767123287672,8.208519306233711,21.42782254440884,33.1890483180062,,,,
ma_cross_long_only,60m,full_2023_2025,2023-01-04 17:00:00,2025-12-31 21:00:00,146,1215.2999999999872,41.78082191780822,1.1814313865997828,1407.5000000000105,129.73278688524587,-78.80470588235308,1.6462568501800252,8.323972602739639,-17.899999999999693,521.1000000000004,-258.49999999999886,1.0472713949999364,71.5958904109589,6.584783350392363,22.08575002843175,31.785384838950243,,,,
always_long_buy_hold,60m,full_2023_2025,2023-01-01 22:00:00,2025-12-31 21:00:00,1,2569.6999999999994,100.0,inf,-0.0,2569.6999999999994,,,2569.6999999999994,2569.6999999999994,2569.6999999999994,2569.6999999999994,,18699.0,100.0,100.0,100.0,130.925,156.632,2570.6999999999994,1.0
ma_cross_long_short,60m,dev_2023_2024,2023-01-01 22:00:00,2024-12-31 21:00:00,201,-235.90000000000197,31.343283582089555,0.9761220317023301,1586.6999999999912,153.0714285714287,-71.58985507246382,2.1381720694431996,-1.1736318407960298,-33.30000000000075,574.9999999999991,-258.49999999999886,1.651204944953691,62.0547263681592,5.962565458599045,21.31591227251516,32.37724892414579,,,,
ma_cross_long_only,60m,dev_2023_2024,2023-01-04 17:00:00,2024-12-30 20:00:00,100,1203.4999999999982,39.0,1.2565988657200113,1099.7000000000046,151.1205128205129,-76.88852459016401,1.9654495079210432,12.034999999999982,-19.549999999999045,521.1000000000004,-258.49999999999886,1.043043294647571,74.77,8.841644467821576,16.29875969255307,26.621646843239414,,,,
always_long_buy_hold,60m,dev_2023_2024,2023-01-01 22:00:00,2024-12-31 21:00:00,1,2640.8999999999983,100.0,inf,-0.0,2640.8999999999983,,,2640.8999999999983,2640.8999999999983,2640.8999999999983,2640.8999999999983,,12473.0,100.0,100.0,100.0,130.925,157.344,2641.8999999999983,1.0
ma_cross_long_short,60m,oos_2025,2025-01-01 22:00:00,2025-12-31 21:00:00,92,75.4999999999784,43.47826086956522,1.0207748610423142,1014.9000000000057,92.74249999999975,-69.88846153846177,1.3270073193550083,0.8206521739128086,-16.24999999999892,436.70000000000095,-239.70000000000005,1.03448249904354,67.66304347826087,11.771841388791602,19.044666684637644,32.15893468474548,,,,
ma_cross_long_only,60m,oos_2025,2025-01-03 03:00:00,2025-12-31 21:00:00,46,11.799999999988927,47.82608695652174,1.005875908774021,1186.0000000000027,91.81818181818163,-83.6750000000003,1.0973191732080227,0.25652173913019405,-14.250000000000739,436.70000000000095,-239.70000000000005,0.9810010767020321,64.69565217391305,21.61881188118821,32.55445544554465,41.8712871287131,,,,
always_long_buy_hold,60m,oos_2025,2025-01-01 22:00:00,2025-12-31 21:00:00,1,-52.900000000000546,0.0,0.0,-0.0,,-52.900000000000546,,-52.900000000000546,-52.900000000000546,-52.900000000000546,-52.900000000000546,,6225.0,,,,157.151,156.632,-51.900000000000546,1.0
ma_cross_long_short,240m,full_2023_2025,2023-01-01 20:00:00,2025-12-31 20:00:00,70,1746.6000000000138,41.42857142857143,1.3038727861094705,2120.199999999997,258.4275862068969,-140.1902439024389,1.8434063527754585,24.951428571428767,-47.50000000000176,1117.5000000000002,-409.19999999999936,1.8926939032840777,69.05714285714286,14.911133646456005,28.014250640478206,38.34729931682318,,,,
ma_cross_long_only,240m,full_2023_2025,2023-01-09 00:00:00,2025-12-31 20:00:00,35,2164.6000000000067,54.285714285714285,2.12733711785845,505.0,214.98421052631593,-120.0062499999998,1.7914417834597474,61.84571428571448,12.100000000000023,982.0000000000013,-252.30000000000052,1.9781833322342717,85.08571428571429,24.04093323867115,24.04093323867115,42.999485886356375,,,,
always_long_buy_hold,240m,full_2023_2025,2023-01-01 20:00:00,2025-12-31 20:00:00,1,2581.5999999999995,100.0,inf,-0.0,2581.5999999999995,,,2581.5999999999995,2581.5999999999995,2581.5999999999995,2581.5999999999995,,4834.0,100.0,100.0,100.0,130.925,156.751,2582.5999999999995,1.0
ma_cross_long_short,240m,dev_2023_2024,2023-01-01 20:00:00,2024-12-31 20:00:00,42,2569.300000000011,47.61904761904761,1.7871147601249961,1435.9999999999923,291.67500000000035,-148.37272727272713,1.9658262361374959,61.17380952380979,-13.849999999998829,1117.5000000000002,-409.19999999999936,1.6816972164202908,76.76190476190476,19.1565955258421,19.1565955258421,35.99040027427785,,,,
ma_cross_long_only,240m,dev_2023_2024,2023-01-09 00:00:00,2024-12-31 20:00:00,21,2603.8000000000047,61.904761904761905,3.276247923769568,451.7999999999993,288.28461538461556,-142.98749999999976,2.01615256847358,123.99047619047641,36.5,982.0000000000013,-252.30000000000052,1.3810874123117827,102.0,26.202737679109866,26.202737679109866,46.86607786108811,,,,
always_long_buy_hold,240m,dev_2023_2024,2023-01-01 20:00:00,2024-12-31 20:00:00,1,2637.2999999999984,100.0,inf,-0.0,2637.2999999999984,,,2637.2999999999984,2637.2999999999984,2637.2999999999984,2637.2999999999984,,3224.0,100.0,100.0,100.0,130.925,157.308,2638.2999999999984,1.0
ma_cross_long_short,240m,oos_2025,2025-01-01 20:00:00,2025-12-31 20:00:00,29,-807.9999999999992,31.03448275862069,0.6856887229159375,2120.199999999998,195.8555555555557,-128.53500000000003,1.5237527175909726,-27.862068965517214,-75.59999999999809,678.8999999999978,-329.1999999999982,2.0996835187377862,55.48275862068966,38.51477846485489,38.51477846485489,38.51477846485489,,,,
ma_cross_long_only,240m,oos_2025,2025-01-01 20:00:00,2025-12-31 20:00:00,15,-424.4999999999999,40.0,0.5082821730568753,504.9999999999999,73.13333333333345,-95.92222222222229,0.7624232595853129,-28.299999999999994,-72.89999999999941,288.0999999999991,-156.09999999999877,1.6481560140034173,55.666666666666664,65.65633546034609,65.65633546034609,65.65633546034609,,,,
always_long_buy_hold,240m,oos_2025,2025-01-01 20:00:00,2025-12-31 20:00:00,1,-41.00000000000057,0.0,0.0,-0.0,,-41.00000000000057,,-41.00000000000057,-41.00000000000057,-41.00000000000057,-41.00000000000057,,1609.0,,,,157.151,156.751,-40.00000000000057,1.0
