event_def,horizon,risk_env,period,group,n,mean_ret_pct,median_ret_pct,win_rate_pct,profit_factor,t_stat,mean_mae_pct,worst_mae_pct,mean_mfe_pct,best_mfe_pct,maxdd_pct
rolling_2sigma,24h,nasdaq_5d_up,all,all_funding_covered_crashes,201,0.3408696084495801,0.28981994350858675,53.233830845771145,1.2599635032580474,1.1900395102548516,-3.7265774962948734,-36.61731954434463,3.0510185665911282,16.15690254573776,-30.823393023738564
rolling_2sigma,24h,nasdaq_5d_up,all,funding_low_x_risk_on,15,1.29731544107217,0.7260050846045356,66.66666666666666,3.122098551976723,1.4436330675370979,-2.6507918537525725,-9.425650229529623,3.843146169295734,14.586244152905872,-3.4704901515850595
rolling_2sigma,24h,nasdaq_5d_up,all,funding_high_x_risk_off,26,-0.24243365430495714,-0.7793481301481353,42.30769230769231,0.8371910208086902,-0.36516281861309774,-4.3301863506850236,-12.257577792119946,2.6049846955983296,6.898808550413792,-19.24975261528139
rolling_2sigma,24h,nasdaq_5d_up,2020_plus,all_funding_covered_crashes,201,0.3408696084495801,0.28981994350858675,53.233830845771145,1.2599635032580474,1.1900395102548516,-3.7265774962948734,-36.61731954434463,3.0510185665911282,16.15690254573776,-30.823393023738564
rolling_2sigma,24h,nasdaq_5d_up,2020_plus,funding_low_x_risk_on,15,1.29731544107217,0.7260050846045356,66.66666666666666,3.122098551976723,1.4436330675370979,-2.6507918537525725,-9.425650229529623,3.843146169295734,14.586244152905872,-3.4704901515850595
rolling_2sigma,24h,nasdaq_5d_up,2020_plus,funding_high_x_risk_off,26,-0.24243365430495714,-0.7793481301481353,42.30769230769231,0.8371910208086902,-0.36516281861309774,-4.3301863506850236,-12.257577792119946,2.6049846955983296,6.898808550413792,-19.24975261528139
rolling_2sigma,24h,nasdaq_5d_up,2021_plus,all_funding_covered_crashes,193,0.32505349971044173,0.2683422860320181,52.331606217616574,1.2444297175797914,1.1019225023285715,-3.76022879820036,-36.61731954434463,3.053469849855555,16.15690254573776,-30.8233930237386
rolling_2sigma,24h,nasdaq_5d_up,2021_plus,funding_low_x_risk_on,15,1.29731544107217,0.7260050846045356,66.66666666666666,3.122098551976723,1.4436330675370979,-2.6507918537525725,-9.425650229529623,3.843146169295734,14.586244152905872,-3.4704901515850595
rolling_2sigma,24h,nasdaq_5d_up,2021_plus,funding_high_x_risk_off,25,-0.1711312533841482,-0.7614415507194254,44.0,0.8833962715063759,-0.24909278271418478,-4.373485582542588,-12.257577792119946,2.660403901786441,6.898808550413792,-19.249752615281402
rolling_2sigma,24h,nasdaq_5d_up,2022_rate_hike,all_funding_covered_crashes,33,-0.6521005735318531,-0.17352808724850854,48.484848484848484,0.7212892132033916,-0.686660129304853,-5.121497572537727,-20.25185698185711,3.408388831896034,12.712233819312827,-25.855070414509353
rolling_2sigma,24h,nasdaq_5d_up,2022_rate_hike,funding_low_x_risk_on,4,0.333333132532203,-0.7374424713150383,50.0,1.2863639584130333,0.17119517959411512,-3.135930858452446,-5.9460107683525445,3.720756081731974,10.59305729548261,-1.6125191966570918
rolling_2sigma,24h,nasdaq_5d_up,2022_rate_hike,funding_high_x_risk_off,0,,,,,,,,,,
rolling_2sigma,24h,nasdaq_5d_up,2023_plus,all_funding_covered_crashes,128,0.40532059573332735,0.25873050673438375,52.34375,1.4228929612693757,1.4647448299842358,-2.8432836413300864,-16.987413450951745,2.541288662448529,16.15690254573776,-23.46088384307431
rolling_2sigma,24h,nasdaq_5d_up,2023_plus,funding_low_x_risk_on,9,0.6836626344268681,0.7260050846045356,66.66666666666666,2.3630951895740573,0.9050449199696909,-1.4371636266999062,-4.037484630176246,2.279329902047235,5.442578403566576,-3.4704901515850706
rolling_2sigma,24h,nasdaq_5d_up,2023_plus,funding_high_x_risk_off,22,-0.3207345990924436,-0.7793481301481353,40.909090909090914,0.8004939245268942,-0.4185996129228557,-4.3850782683909895,-12.257577792119946,2.557068915568627,6.898808550413792,-19.249752615281402
rolling_2sigma,24h,nasdaq_5d_up,post_btc_etf,all_funding_covered_crashes,91,0.4050635645655716,0.28981994350858675,52.74725274725275,1.403971072248585,1.192736073965877,-3.0677412423294337,-16.987413450951745,2.649489429701732,16.15690254573776,-23.46088384307431
rolling_2sigma,24h,nasdaq_5d_up,post_btc_etf,funding_low_x_risk_on,8,0.8011161348952075,0.8163847143629943,75.0,2.5051502889834594,0.9468165433875642,-1.471258157546134,-4.037484630176246,2.486060901864282,5.442578403566576,-3.4704901515850706
rolling_2sigma,24h,nasdaq_5d_up,post_btc_etf,funding_high_x_risk_off,15,-0.6582862374990973,-0.7972547095768451,33.33333333333333,0.6059273743607096,-0.79140324480945,-4.582435381930269,-11.103966775930456,2.359561150384627,6.561772776716013,-10.117268868886564
rolling_2sigma,24h,broad_3of4_5d_up,all,all_funding_covered_crashes,201,0.3408696084495801,0.28981994350858675,53.233830845771145,1.2599635032580474,1.1900395102548516,-3.7265774962948734,-36.61731954434463,3.0510185665911282,16.15690254573776,-30.823393023738564
rolling_2sigma,24h,broad_3of4_5d_up,all,funding_low_x_risk_on,14,1.8173142572796237,1.168611007334897,71.42857142857143,5.148002908072107,2.004610105794626,-2.721166284863305,-9.425650229529623,4.4462911072042,14.586244152905872,-2.984958113982661
rolling_2sigma,24h,broad_3of4_5d_up,all,funding_high_x_risk_off,30,0.23360620172138258,0.26833654030886767,53.333333333333336,1.1902766647515701,0.38451723434503704,-3.8491747210539606,-12.257577792119946,2.766180966215729,6.898808550413792,-9.397810414459729
rolling_2sigma,24h,broad_3of4_5d_up,2020_plus,all_funding_covered_crashes,201,0.3408696084495801,0.28981994350858675,53.233830845771145,1.2599635032580474,1.1900395102548516,-3.7265774962948734,-36.61731954434463,3.0510185665911282,16.15690254573776,-30.823393023738564
rolling_2sigma,24h,broad_3of4_5d_up,2020_plus,funding_low_x_risk_on,14,1.8173142572796237,1.168611007334897,71.42857142857143,5.148002908072107,2.004610105794626,-2.721166284863305,-9.425650229529623,4.4462911072042,14.586244152905872,-2.984958113982661
rolling_2sigma,24h,broad_3of4_5d_up,2020_plus,funding_high_x_risk_off,30,0.23360620172138258,0.26833654030886767,53.333333333333336,1.1902766647515701,0.38451723434503704,-3.8491747210539606,-12.257577792119946,2.766180966215729,6.898808550413792,-9.397810414459729
rolling_2sigma,24h,broad_3of4_5d_up,2021_plus,all_funding_covered_crashes,193,0.32505349971044173,0.2683422860320181,52.331606217616574,1.2444297175797914,1.1019225023285715,-3.76022879820036,-36.61731954434463,3.053469849855555,16.15690254573776,-30.8233930237386
rolling_2sigma,24h,broad_3of4_5d_up,2021_plus,funding_low_x_risk_on,14,1.8173142572796237,1.168611007334897,71.42857142857143,5.148002908072107,2.004610105794626,-2.721166284863305,-9.425650229529623,4.4462911072042,14.586244152905872,-2.984958113982661
rolling_2sigma,24h,broad_3of4_5d_up,2021_plus,funding_high_x_risk_off,27,0.20836275811730146,0.24911872743674937,51.85185185185185,1.1616302713737017,0.3128617469943804,-4.010917874863104,-12.257577792119946,2.7980610860514097,6.898808550413792,-9.39781041445974
rolling_2sigma,24h,broad_3of4_5d_up,2022_rate_hike,all_funding_covered_crashes,33,-0.6521005735318531,-0.17352808724850854,48.484848484848484,0.7212892132033916,-0.686660129304853,-5.121497572537727,-20.25185698185711,3.408388831896034,12.712233819312827,-25.855070414509353
rolling_2sigma,24h,broad_3of4_5d_up,2022_rate_hike,funding_low_x_risk_on,4,0.333333132532203,-0.7374424713150383,50.0,1.2863639584130333,0.17119517959411512,-3.135930858452446,-5.9460107683525445,3.720756081731974,10.59305729548261,-1.6125191966570918
rolling_2sigma,24h,broad_3of4_5d_up,2022_rate_hike,funding_high_x_risk_off,0,,,,,,,,,,
rolling_2sigma,24h,broad_3of4_5d_up,2023_plus,all_funding_covered_crashes,128,0.40532059573332735,0.25873050673438375,52.34375,1.4228929612693757,1.4647448299842358,-2.8432836413300864,-16.987413450951745,2.541288662448529,16.15690254573776,-23.46088384307431
rolling_2sigma,24h,broad_3of4_5d_up,2023_plus,funding_low_x_risk_on,8,1.5169539619592507,1.168611007334897,75.0,9.213215478826335,2.1505351386839733,-1.4086153527621037,-4.028193299101428,3.139356509980988,5.442578403566576,-1.4667112077532019
rolling_2sigma,24h,broad_3of4_5d_up,2023_plus,funding_high_x_risk_off,24,0.11866310932237861,0.046849986962636384,50.0,1.0850531516472388,0.16049113770631437,-3.976223540097535,-12.257577792119946,2.7205444967182015,6.898808550413792,-9.397810414459729
rolling_2sigma,24h,broad_3of4_5d_up,post_btc_etf,all_funding_covered_crashes,91,0.4050635645655716,0.28981994350858675,52.74725274725275,1.403971072248585,1.192736073965877,-3.0677412423294337,-16.987413450951745,2.649489429701732,16.15690254573776,-23.46088384307431
rolling_2sigma,24h,broad_3of4_5d_up,post_btc_etf,funding_low_x_risk_on,8,1.5169539619592507,1.168611007334897,75.0,9.213215478826335,2.1505351386839733,-1.4086153527621037,-4.028193299101428,3.139356509980988,5.442578403566576,-1.4667112077532019
rolling_2sigma,24h,broad_3of4_5d_up,post_btc_etf,funding_high_x_risk_off,16,0.17473052630524927,0.06606779983475466,50.0,1.1369970654174846,0.20623973707603427,-3.9298440188769117,-11.103966775930456,2.7362816207331773,6.5803068683350565,-9.397810414459718
rolling_2sigma,48h,nasdaq_5d_up,all,all_funding_covered_crashes,201,0.6032707567317701,0.851294676860646,61.19402985074627,1.3675304301406208,1.6473624609131836,-4.715645132126101,-36.61731954434463,4.154930341539808,16.54069379542192,-42.4412787279136
rolling_2sigma,48h,nasdaq_5d_up,all,funding_low_x_risk_on,15,1.1150338183645592,2.4163826851824357,73.33333333333333,2.0725232571152747,1.24091919157581,-3.249251657414053,-9.425650229529623,4.928247841935166,14.586244152905872,-6.1805780215122175
rolling_2sigma,48h,nasdaq_5d_up,all,funding_high_x_risk_off,26,-0.10019422569395425,0.2541551473493718,53.84615384615385,0.9351024308803354,-0.1377282019547979,-5.346878973084372,-13.62172455334398,3.202774091806835,6.997349780838566,-18.776553699945588
rolling_2sigma,48h,nasdaq_5d_up,2020_plus,all_funding_covered_crashes,201,0.6032707567317701,0.851294676860646,61.19402985074627,1.3675304301406208,1.6473624609131836,-4.715645132126101,-36.61731954434463,4.154930341539808,16.54069379542192,-42.4412787279136
rolling_2sigma,48h,nasdaq_5d_up,2020_plus,funding_low_x_risk_on,15,1.1150338183645592,2.4163826851824357,73.33333333333333,2.0725232571152747,1.24091919157581,-3.249251657414053,-9.425650229529623,4.928247841935166,14.586244152905872,-6.1805780215122175
rolling_2sigma,48h,nasdaq_5d_up,2020_plus,funding_high_x_risk_off,26,-0.10019422569395425,0.2541551473493718,53.84615384615385,0.9351024308803354,-0.1377282019547979,-5.346878973084372,-13.62172455334398,3.202774091806835,6.997349780838566,-18.776553699945588
rolling_2sigma,48h,nasdaq_5d_up,2021_plus,all_funding_covered_crashes,193,0.44450982930873867,0.7449270572031328,59.58549222797927,1.260030115973738,1.1941923977479465,-4.790294056242209,-36.61731954434463,4.066105172340797,16.54069379542192,-42.44127872791358
rolling_2sigma,48h,nasdaq_5d_up,2021_plus,funding_low_x_risk_on,15,1.1150338183645592,2.4163826851824357,73.33333333333333,2.0725232571152747,1.24091919157581,-3.249251657414053,-9.425650229529623,4.928247841935166,14.586244152905872,-6.1805780215122175
rolling_2sigma,48h,nasdaq_5d_up,2021_plus,funding_high_x_risk_off,25,-0.11653531907100005,0.19997718596654768,52.0,0.9274211693884538,-0.1539452505609801,-5.43084590983791,-13.62172455334398,3.2285184907009814,6.997349780838566,-18.776553699945588
rolling_2sigma,48h,nasdaq_5d_up,2022_rate_hike,all_funding_covered_crashes,33,-1.1230150324174923,1.1827252674730024,57.57575757575758,0.62623843687118,-0.9273290971708742,-6.467719552889969,-25.785250679330478,4.104271845410241,13.370013590182026,-42.4412787279136
rolling_2sigma,48h,nasdaq_5d_up,2022_rate_hike,funding_low_x_risk_on,4,-0.7888502599226043,-0.08521416425371865,50.0,0.5054098098203921,-0.46772092145342087,-4.244678372819709,-6.559521512482477,3.842069916971813,10.59305729548261,-0.9737025288755419
rolling_2sigma,48h,nasdaq_5d_up,2022_rate_hike,funding_high_x_risk_off,0,,,,,,,,,,
rolling_2sigma,48h,nasdaq_5d_up,2023_plus,all_funding_covered_crashes,128,0.45757584905121995,0.5945693535241451,59.375,1.3338419596610585,1.2041105748577627,-3.7926314153118077,-24.800118946067222,3.477836862446925,16.54069379542192,-27.89261853840157
rolling_2sigma,48h,nasdaq_5d_up,2023_plus,funding_low_x_risk_on,9,2.4161002099250055,3.2930033846548095,88.88888888888889,7.327470840088306,2.889663573644515,-1.4646813229558842,-4.037484630176246,3.995180881457721,6.946730523974145,-3.37820669219423
rolling_2sigma,48h,nasdaq_5d_up,2023_plus,funding_high_x_risk_off,22,-0.4445929470672126,-0.5133948628799427,50.0,0.7416630120117852,-0.5586803994393267,-5.1341805304041355,-12.257577792119946,2.984550841342073,6.997349780838566,-18.776553699945588
rolling_2sigma,48h,nasdaq_5d_up,post_btc_etf,all_funding_covered_crashes,91,0.1727167587311603,0.297765022035631,56.043956043956044,1.1042162915427784,0.36665962176884787,-4.366870032555275,-24.800118946067222,3.568309848671472,16.15690254573776,-27.89261853840156
rolling_2sigma,48h,nasdaq_5d_up,post_btc_etf,funding_low_x_risk_on,8,2.5879692644055963,3.5419709428837027,87.5,7.024510991649079,2.789291317284704,-1.5022155658341092,-4.037484630176246,4.316460844534784,6.946730523974145,-3.378206692194219
rolling_2sigma,48h,nasdaq_5d_up,post_btc_etf,funding_high_x_risk_off,15,-0.7363141163737335,-1.3101702752785795,40.0,0.5879243725025791,-0.8876729526519388,-5.68111869954955,-11.103966775930456,2.818917698494078,6.997349780838566,-8.590909888241216
rolling_2sigma,48h,broad_3of4_5d_up,all,all_funding_covered_crashes,201,0.6032707567317701,0.851294676860646,61.19402985074627,1.3675304301406208,1.6473624609131836,-4.715645132126101,-36.61731954434463,4.154930341539808,16.54069379542192,-42.4412787279136
rolling_2sigma,48h,broad_3of4_5d_up,all,funding_low_x_risk_on,14,0.937428506001225,2.4884418425939097,71.42857142857143,1.7445178445934897,0.918139408481644,-3.6313202997009393,-9.425650229529623,5.343212178271474,14.586244152905872,-6.1805780215122175
rolling_2sigma,48h,broad_3of4_5d_up,all,funding_high_x_risk_off,30,0.5339494054649122,0.6547723720917549,60.0,1.43504818120032,0.8003435601302172,-4.800943472682347,-13.62172455334398,3.578118523250757,8.102806499104759,-11.889449655201457
rolling_2sigma,48h,broad_3of4_5d_up,2020_plus,all_funding_covered_crashes,201,0.6032707567317701,0.851294676860646,61.19402985074627,1.3675304301406208,1.6473624609131836,-4.715645132126101,-36.61731954434463,4.154930341539808,16.54069379542192,-42.4412787279136
rolling_2sigma,48h,broad_3of4_5d_up,2020_plus,funding_low_x_risk_on,14,0.937428506001225,2.4884418425939097,71.42857142857143,1.7445178445934897,0.918139408481644,-3.6313202997009393,-9.425650229529623,5.343212178271474,14.586244152905872,-6.1805780215122175
rolling_2sigma,48h,broad_3of4_5d_up,2020_plus,funding_high_x_risk_off,30,0.5339494054649122,0.6547723720917549,60.0,1.43504818120032,0.8003435601302172,-4.800943472682347,-13.62172455334398,3.578118523250757,8.102806499104759,-11.889449655201457
rolling_2sigma,48h,broad_3of4_5d_up,2021_plus,all_funding_covered_crashes,193,0.44450982930873867,0.7449270572031328,59.58549222797927,1.260030115973738,1.1941923977479465,-4.790294056242209,-36.61731954434463,4.066105172340797,16.54069379542192,-42.44127872791358
rolling_2sigma,48h,broad_3of4_5d_up,2021_plus,funding_low_x_risk_on,14,0.937428506001225,2.4884418425939097,71.42857142857143,1.7445178445934897,0.918139408481644,-3.6313202997009393,-9.425650229529623,5.343212178271474,14.586244152905872,-6.1805780215122175
rolling_2sigma,48h,broad_3of4_5d_up,2021_plus,funding_high_x_risk_off,27,0.3749400955584997,0.514053545565178,55.55555555555556,1.2749423530882955,0.5131978465771946,-5.068438710005754,-13.62172455334398,3.4546966303782525,8.102806499104759,-11.889449655201457
rolling_2sigma,48h,broad_3of4_5d_up,2022_rate_hike,all_funding_covered_crashes,33,-1.1230150324174923,1.1827252674730024,57.57575757575758,0.62623843687118,-0.9273290971708742,-6.467719552889969,-25.785250679330478,4.104271845410241,13.370013590182026,-42.4412787279136
rolling_2sigma,48h,broad_3of4_5d_up,2022_rate_hike,funding_low_x_risk_on,4,-0.7888502599226043,-0.08521416425371865,50.0,0.5054098098203921,-0.46772092145342087,-4.244678372819709,-6.559521512482477,3.842069916971813,10.59305729548261,-0.9737025288755419
rolling_2sigma,48h,broad_3of4_5d_up,2022_rate_hike,funding_high_x_risk_off,0,,,,,,,,,,
rolling_2sigma,48h,broad_3of4_5d_up,2023_plus,all_funding_covered_crashes,128,0.45757584905121995,0.5945693535241451,59.375,1.3338419596610585,1.2041105748577627,-3.7926314153118077,-24.800118946067222,3.477836862446925,16.54069379542192,-27.89261853840157
rolling_2sigma,48h,broad_3of4_5d_up,2023_plus,funding_low_x_risk_on,8,2.2679242122342265,3.2782777669373306,87.5,4.3171573740423765,1.9525447551674404,-1.9102301551506633,-7.793452451906104,4.60473509998658,6.946730523974145,-5.322670499438498
rolling_2sigma,48h,broad_3of4_5d_up,2023_plus,funding_high_x_risk_off,24,0.13565503005732604,0.35701536576586285,54.166666666666664,1.0942576692091524,0.17522924832369954,-4.7511945455457765,-12.257577792119946,3.259331885925578,8.102806499104759,-11.889449655201457
rolling_2sigma,48h,broad_3of4_5d_up,post_btc_etf,all_funding_covered_crashes,91,0.1727167587311603,0.297765022035631,56.043956043956044,1.1042162915427784,0.36665962176884787,-4.366870032555275,-24.800118946067222,3.568309848671472,16.15690254573776,-27.89261853840156
rolling_2sigma,48h,broad_3of4_5d_up,post_btc_etf,funding_low_x_risk_on,8,2.2679242122342265,3.2782777669373306,87.5,4.3171573740423765,1.9525447551674404,-1.9102301551506633,-7.793452451906104,4.60473509998658,6.946730523974145,-5.322670499438498
rolling_2sigma,48h,broad_3of4_5d_up,post_btc_etf,funding_high_x_risk_off,16,0.1452050720269905,-0.2156378565540507,50.0,1.1003556475773424,0.1647133627612904,-5.092300527049271,-11.103966775930456,3.387321820458364,8.102806499104759,-8.590909888241228
rolling_2sigma,5d,nasdaq_5d_up,all,all_funding_covered_crashes,201,0.6471304344411787,1.2411557969275255,56.71641791044776,1.230986651220737,1.0841816795730062,-7.077750310955974,-50.636206449343334,6.674754919204131,31.444205828993194,-70.07390815413308
rolling_2sigma,5d,nasdaq_5d_up,all,funding_low_x_risk_on,15,2.194072200556089,3.5868121286749948,66.66666666666666,2.9072087417385815,1.5295044349928597,-4.454213146279931,-14.641592066042206,7.232144141629572,14.586244152905872,-12.192539671292035
rolling_2sigma,5d,nasdaq_5d_up,all,funding_high_x_risk_off,26,0.0885260739904468,1.314884327365929,61.53846153846154,1.0327494103485013,0.060971483616567825,-7.458248835765692,-28.05836351820929,5.9720684443528675,15.14805576551559,-25.11244427741911
rolling_2sigma,5d,nasdaq_5d_up,2020_plus,all_funding_covered_crashes,201,0.6471304344411787,1.2411557969275255,56.71641791044776,1.230986651220737,1.0841816795730062,-7.077750310955974,-50.636206449343334,6.674754919204131,31.444205828993194,-70.07390815413308
rolling_2sigma,5d,nasdaq_5d_up,2020_plus,funding_low_x_risk_on,15,2.194072200556089,3.5868121286749948,66.66666666666666,2.9072087417385815,1.5295044349928597,-4.454213146279931,-14.641592066042206,7.232144141629572,14.586244152905872,-12.192539671292035
rolling_2sigma,5d,nasdaq_5d_up,2020_plus,funding_high_x_risk_off,26,0.0885260739904468,1.314884327365929,61.53846153846154,1.0327494103485013,0.060971483616567825,-7.458248835765692,-28.05836351820929,5.9720684443528675,15.14805576551559,-25.11244427741911
rolling_2sigma,5d,nasdaq_5d_up,2021_plus,all_funding_covered_crashes,193,0.23980509423439283,0.659374118032792,54.92227979274611,1.0821891925408014,0.39943064298646724,-7.25031033056762,-50.636206449343334,6.409038083822422,31.444205828993194,-70.0739081541331
rolling_2sigma,5d,nasdaq_5d_up,2021_plus,funding_low_x_risk_on,15,2.194072200556089,3.5868121286749948,66.66666666666666,2.9072087417385815,1.5295044349928597,-4.454213146279931,-14.641592066042206,7.232144141629572,14.586244152905872,-12.192539671292035
rolling_2sigma,5d,nasdaq_5d_up,2021_plus,funding_high_x_risk_off,25,-0.02944180606155578,1.2668095677289881,60.0,0.9895271860350111,-0.019546868437383944,-7.626670567026482,-28.05836351820929,5.99015771549626,15.14805576551559,-25.11244427741911
rolling_2sigma,5d,nasdaq_5d_up,2022_rate_hike,all_funding_covered_crashes,33,-2.4710220292578997,-0.31086141098430903,48.484848484848484,0.4641262583526033,-1.3896721036061745,-9.976328045456238,-37.51365664326547,6.187116853385797,25.949261591605406,-66.99133708383879
rolling_2sigma,5d,nasdaq_5d_up,2022_rate_hike,funding_low_x_risk_on,4,-2.2359265246999014,0.2359268553361359,50.0,0.3595231475072517,-0.6031496463056014,-7.950447097286031,-14.641592066042206,5.762933527809488,10.59305729548261,-12.192539671292035
rolling_2sigma,5d,nasdaq_5d_up,2022_rate_hike,funding_high_x_risk_off,0,,,,,,,,,,
rolling_2sigma,5d,nasdaq_5d_up,2023_plus,all_funding_covered_crashes,128,0.8677842403393091,1.2239770221875355,55.46875,1.3909886085896315,1.465020983076435,-5.576625758274731,-26.527119313055625,5.66429906614628,24.10045192353545,-62.3434684920301
rolling_2sigma,5d,nasdaq_5d_up,2023_plus,funding_low_x_risk_on,9,3.9318044518265296,5.039540439675014,77.77777777777779,12.467072240574383,2.863842459553509,-1.8259421490806456,-4.598854878021783,6.72121058476029,11.711773451276303,-3.038274880821612
rolling_2sigma,5d,nasdaq_5d_up,2023_plus,funding_high_x_risk_off,22,1.0036841511071037,1.314884327365929,63.63636363636363,1.5793309751495546,0.8569815514770175,-6.16421628435137,-15.30519949264403,5.7891821316407315,15.14805576551559,-13.521916982211913
rolling_2sigma,5d,nasdaq_5d_up,post_btc_etf,all_funding_covered_crashes,91,0.32187295861773496,0.2979342828716196,51.64835164835166,1.1210990178728883,0.44261040511347344,-6.428535489516886,-26.527119313055625,5.517935676290312,18.609861950601243,-62.3434684920301
rolling_2sigma,5d,nasdaq_5d_up,post_btc_etf,funding_low_x_risk_on,8,4.381018305646933,5.357138306670985,75.0,12.357511462943743,2.978163360692552,-1.9086339952244662,-4.598854878021783,7.218784921891707,11.711773451276303,-3.038274880821612
rolling_2sigma,5d,nasdaq_5d_up,post_btc_etf,funding_high_x_risk_off,15,1.4397735763475568,1.2668095677289881,60.0,1.7670912962151144,0.9090359483218808,-7.004791790225666,-15.30519949264403,6.382762999405932,15.14805576551559,-13.521916982211923
rolling_2sigma,5d,broad_3of4_5d_up,all,all_funding_covered_crashes,201,0.6471304344411787,1.2411557969275255,56.71641791044776,1.230986651220737,1.0841816795730062,-7.077750310955974,-50.636206449343334,6.674754919204131,31.444205828993194,-70.07390815413308
rolling_2sigma,5d,broad_3of4_5d_up,all,funding_low_x_risk_on,14,1.5079498059631773,3.8520130666793313,64.28571428571429,1.7824239589737025,0.8274557955514871,-5.349031500109053,-14.641592066042206,7.624023012586559,14.586244152905872,-12.192539671292035
rolling_2sigma,5d,broad_3of4_5d_up,all,funding_high_x_risk_off,30,1.5997144359781734,1.4611064948574928,66.66666666666666,1.72126326981618,1.1025475454949276,-6.454066355647586,-28.05836351820929,6.914112165855693,19.349579885581488,-20.68580556577613
rolling_2sigma,5d,broad_3of4_5d_up,2020_plus,all_funding_covered_crashes,201,0.6471304344411787,1.2411557969275255,56.71641791044776,1.230986651220737,1.0841816795730062,-7.077750310955974,-50.636206449343334,6.674754919204131,31.444205828993194,-70.07390815413308
rolling_2sigma,5d,broad_3of4_5d_up,2020_plus,funding_low_x_risk_on,14,1.5079498059631773,3.8520130666793313,64.28571428571429,1.7824239589737025,0.8274557955514871,-5.349031500109053,-14.641592066042206,7.624023012586559,14.586244152905872,-12.192539671292035
rolling_2sigma,5d,broad_3of4_5d_up,2020_plus,funding_high_x_risk_off,30,1.5997144359781734,1.4611064948574928,66.66666666666666,1.72126326981618,1.1025475454949276,-6.454066355647586,-28.05836351820929,6.914112165855693,19.349579885581488,-20.68580556577613
rolling_2sigma,5d,broad_3of4_5d_up,2021_plus,all_funding_covered_crashes,193,0.23980509423439283,0.659374118032792,54.92227979274611,1.0821891925408014,0.39943064298646724,-7.25031033056762,-50.636206449343334,6.409038083822422,31.444205828993194,-70.0739081541331
rolling_2sigma,5d,broad_3of4_5d_up,2021_plus,funding_low_x_risk_on,14,1.5079498059631773,3.8520130666793313,64.28571428571429,1.7824239589737025,0.8274557955514871,-5.349031500109053,-14.641592066042206,7.624023012586559,14.586244152905872,-12.192539671292035
rolling_2sigma,5d,broad_3of4_5d_up,2021_plus,funding_high_x_risk_off,27,0.5863279511416826,1.2668095677289881,62.96296296296296,1.2379219222772315,0.4063969861622336,-6.905241913300466,-28.05836351820929,6.176483617279057,15.14805576551559,-20.68580556577613
rolling_2sigma,5d,broad_3of4_5d_up,2022_rate_hike,all_funding_covered_crashes,33,-2.4710220292578997,-0.31086141098430903,48.484848484848484,0.4641262583526033,-1.3896721036061745,-9.976328045456238,-37.51365664326547,6.187116853385797,25.949261591605406,-66.99133708383879
rolling_2sigma,5d,broad_3of4_5d_up,2022_rate_hike,funding_low_x_risk_on,4,-2.2359265246999014,0.2359268553361359,50.0,0.3595231475072517,-0.6031496463056014,-7.950447097286031,-14.641592066042206,5.762933527809488,10.59305729548261,-12.192539671292035
rolling_2sigma,5d,broad_3of4_5d_up,2022_rate_hike,funding_high_x_risk_off,0,,,,,,,,,,
rolling_2sigma,5d,broad_3of4_5d_up,2023_plus,all_funding_covered_crashes,128,0.8677842403393091,1.2239770221875355,55.46875,1.3909886085896315,1.465020983076435,-5.576625758274731,-26.527119313055625,5.66429906614628,24.10045192353545,-62.3434684920301
rolling_2sigma,5d,broad_3of4_5d_up,2023_plus,funding_low_x_risk_on,8,2.9483067926977404,5.33449889899501,75.0,2.841014074471708,1.2014313498957425,-3.0633403936317,-14.328357172477077,7.343131914326362,11.711773451276303,-12.024473083622244
rolling_2sigma,5d,broad_3of4_5d_up,2023_plus,funding_high_x_risk_off,24,1.610331298196692,1.314884327365929,66.66666666666666,2.1244263623785815,1.4270314038731498,-5.474480239132527,-13.307512503262725,6.015546736467673,15.14805576551559,-13.521916982211913
rolling_2sigma,5d,broad_3of4_5d_up,post_btc_etf,all_funding_covered_crashes,91,0.32187295861773496,0.2979342828716196,51.64835164835166,1.1210990178728883,0.44261040511347344,-6.428535489516886,-26.527119313055625,5.517935676290312,18.609861950601243,-62.3434684920301
rolling_2sigma,5d,broad_3of4_5d_up,post_btc_etf,funding_low_x_risk_on,8,2.9483067926977404,5.33449889899501,75.0,2.841014074471708,1.2014313498957425,-3.0633403936317,-14.328357172477077,7.343131914326362,11.711773451276303,-12.024473083622244
rolling_2sigma,5d,broad_3of4_5d_up,post_btc_etf,funding_high_x_risk_off,16,1.6573019623948235,0.96309184288089,62.5,2.0862920780670215,1.162748276635714,-6.001873428260811,-13.307512503262725,6.241077828554291,15.14805576551559,-13.521916982211913
