train_start,train_end,test_end,params,train_sharpe,total_return,annual_return,sharpe,sortino,calmar,max_dd,win_rate,profit_factor,avg_win,avg_loss,n_trades,avg_hold_bars,exposure,long_pnl,short_pnl,n_long,n_short
2010-05-26 20:00:00,2013-05-26 20:00:00,2013-11-26 20:00:00,"{""n_entry"": 120, ""n_exit"": 60}",-0.14353495371765307,-0.05312936814365665,-0.09869647004518389,-0.9955683124173853,-1.1130853339636144,-0.8853446964709825,-0.11147801578141459,0.14285714285714285,0.29382058753933704,0.02227238461427472,-0.012633778093858536,7,75.71428571428571,0.6479217603911981,-0.0133977889088992,-0.04013249503997729,4,3
2010-11-26 20:00:00,2013-11-26 20:00:00,2014-05-26 20:00:00,"{""n_entry"": 40, ""n_exit"": 20}",-0.2327401496638266,-0.025863846484858843,-0.050210662815868945,-0.8426101975188691,-1.0219849449665905,-1.0294641085840521,-0.04877359239355106,0.38461538461538464,0.5199699359678575,0.005476567467646421,-0.006582793408830084,13,43.15384615384615,0.7083333333333334,-0.009481484337939161,-0.01579802559446941,7,6
2011-05-26 20:00:00,2014-05-26 20:00:00,2014-11-26 20:00:00,"{""n_entry"": 120, ""n_exit"": 60}",-0.09910582834506348,0.06817572651486059,0.1337549141478036,2.1824885771164553,2.6653715714309296,3.749958824199312,-0.03566836875238566,0.3333333333333333,2.781662229062206,0.054053441566841,-0.009716032558177323,6,116.83333333333333,0.8569682151589242,0.09756158162098738,-0.028318828720014677,3,3
2011-11-26 20:00:00,2014-11-26 20:00:00,2015-05-26 20:00:00,"{""n_entry"": 90, ""n_exit"": 45}",0.872783996985245,-0.04153934777399848,-0.08002351622198445,-1.0511507399301403,-1.1012300119140672,-0.7820214883323297,-0.1023290503086246,0.2857142857142857,0.41831808372441187,0.014797851478608015,-0.0141498558674378,7,83.85714285714286,0.7411616161616161,0.02943416717704017,-0.07058774355701314,3,4
2012-05-26 20:00:00,2015-05-26 20:00:00,2015-11-26 20:00:00,"{""n_entry"": 90, ""n_exit"": 45}",0.6017754351056246,-0.015078743832324881,-0.028505641270687776,-0.3696910517447235,-0.38453021769729384,-0.5238585906117686,-0.054414763414299516,0.2857142857142857,0.7087007304362455,0.017408037416628885,-0.009825324946914193,7,77.14285714285714,0.6601466992665037,0.0006812572654746329,-0.01499180716678783,4,3
2012-11-26 20:00:00,2015-11-26 20:00:00,2016-05-26 20:00:00,"{""n_entry"": 90, ""n_exit"": 45}",0.5399561305435807,-0.033119649493528636,-0.06375690575913684,-0.6910536540521383,-0.8821665394105669,-0.8130017947811831,-0.07842160517775587,0.375,0.5936012332092817,0.015538649713275676,-0.015706149695073824,8,72.375,0.7273869346733668,-0.048793392063164576,0.016878592727622488,3,5
2013-05-26 20:00:00,2016-05-26 20:00:00,2016-11-26 20:00:00,"{""n_entry"": 20, ""n_exit"": 10}",0.04012976255564825,0.04431161577318754,0.08669207892302788,0.6939614192205689,0.6509854834028478,0.9944090043643684,-0.0871794991221363,0.35,1.3171439793321995,0.02994453239054689,-0.012241622201166048,20,32.7,0.8054187192118226,0.04850287964412947,0.0019677584745401155,10,10
2013-11-26 20:00:00,2016-11-26 20:00:00,2017-05-26 20:00:00,"{""n_entry"": 40, ""n_exit"": 20}",0.33363389302732044,0.03471844395761514,0.06832690871810954,0.8251364931367704,1.0800931544530825,1.179700970043127,-0.05791883744540083,0.46153846153846156,1.6158411765403644,0.01584199517210853,-0.008403581491677161,13,46.69230769230769,0.7549751243781094,0.03547609029783805,0.000750810293073001,6,7
2014-05-26 20:00:00,2017-05-26 20:00:00,2017-11-26 20:00:00,"{""n_entry"": 40, ""n_exit"": 20}",0.5619105486999311,0.012400090853675216,0.02406215375259091,0.4202201629739152,0.5865077605004471,0.5812422978673709,-0.04139780232938495,0.5,1.2780340134884518,0.010334002106874038,-0.00808585843397619,12,53.666666666666664,0.7980173482032218,0.023530880746406413,-0.01004201870901933,5,7
2014-11-26 20:00:00,2017-11-26 20:00:00,2018-05-26 20:00:00,"{""n_entry"": 40, ""n_exit"": 20}",0.0822395625750552,-0.026831442372412972,-0.051809704019223024,-0.8968868462192009,-1.096398995175595,-0.9555906493249732,-0.05421746650181358,0.4117647058823529,0.6265463737351259,0.0062208374854807935,-0.006950141956575217,17,29.823529411764707,0.6369346733668342,-0.011752918202571627,-0.014202638964814995,7,10
2015-05-26 20:00:00,2018-05-26 20:00:00,2018-11-26 20:00:00,"{""n_entry"": 20, ""n_exit"": 10}",0.06464097434860662,-0.01427303740021646,-0.027222168687027204,-0.5521775430597099,-0.740080761489791,-0.60168785655207,-0.04524300829839234,0.5,0.8063972609524913,0.004183974266896249,-0.005188477775773035,26,24.423076923076923,0.782983970406905,0.010000413835846933,-0.023058959451245142,14,12
2015-11-26 20:00:00,2018-11-26 20:00:00,2019-05-26 20:00:00,"{""n_entry"": 20, ""n_exit"": 10}",0.26310114185316297,0.013702157651606539,0.027115426051230518,0.5181020361736527,0.6851818346784625,0.6152902699798385,-0.04406932365779004,0.52,1.2904881630259417,0.005036427875935714,-0.004227958345729264,25,25.56,0.8068181818181818,-0.002786097697310752,0.01752415993572387,12,13
2016-05-26 20:00:00,2019-05-26 20:00:00,2019-11-26 20:00:00,"{""n_entry"": 20, ""n_exit"": 10}",0.19332423617349814,-0.025713371111917627,-0.048374468541222404,-0.8220501424238104,-0.8331480367225889,-0.9987642245110153,-0.04843432248978086,0.34615384615384615,0.6472788981184724,0.005083384541947049,-0.004157718703411548,26,23.423076923076923,0.7444987775061125,-0.014605356919639711,-0.010325400160833165,14,12
2016-11-26 20:00:00,2019-11-26 20:00:00,2020-05-26 20:00:00,"{""n_entry"": 20, ""n_exit"": 10}",-0.04932056678408458,0.10712819287514708,0.2196515500966878,2.3402455723427207,2.6945199735362313,5.214621628566076,-0.04212224121754504,0.7,6.331098683938665,0.008811480698101306,-0.003247480833154903,20,30.55,0.7656641604010025,0.03857230476763995,0.0653035400068489,10,10
2017-05-26 20:00:00,2020-05-26 20:00:00,2020-11-26 20:00:00,"{""n_entry"": 20, ""n_exit"": 10}",0.5039185333462038,-0.032477255870686506,-0.06091010749432979,-1.0742452257486144,-1.1798298099850646,-1.1220098903602544,-0.05428660479523295,0.4074074074074074,0.6042878430257961,0.00443460370609476,-0.005045261266012263,27,24.77777777777778,0.8178484107579462,-0.03796998774681015,0.006026448257656303,14,13
2017-11-26 20:00:00,2020-11-26 20:00:00,2021-05-26 20:00:00,"{""n_entry"": 20, ""n_exit"": 10}",0.337828731974092,0.007090568339438441,0.014022800969331284,0.3154176615084046,0.3879640972394188,0.43453319225536396,-0.03227095471475616,0.391304347826087,1.1345602672956971,0.007796132589273129,-0.004417393827497197,23,30.17391304347826,0.8784810126582279,0.031373792547966795,-0.023052112829469396,11,12
2018-05-26 20:00:00,2021-05-26 20:00:00,2021-11-26 20:00:00,"{""n_entry"": 20, ""n_exit"": 10}",0.2801189122395868,-0.03573105536652699,-0.06691232546794579,-1.456575439735063,-1.6965381967354234,-1.3144730852245152,-0.05090429482359238,0.27586206896551724,0.6050377269068025,0.006644922064583253,-0.004183869483127169,29,20.275862068965516,0.7188264058679706,-0.013609672030374331,-0.0210922105986302,16,13
2018-11-26 20:00:00,2021-11-26 20:00:00,2022-05-26 20:00:00,"{""n_entry"": 20, ""n_exit"": 10}",0.1810885949592131,0.05679648513613356,0.11350759783310083,1.5608516563459516,1.8156922045025916,2.516874800653711,-0.04509862699710743,0.3333333333333333,1.880491629918969,0.02063233545102176,-0.005485888669419607,18,35.27777777777778,0.79375,0.06383796088740246,-0.005874612214307184,11,7
2019-05-26 20:00:00,2022-05-26 20:00:00,2022-11-26 20:00:00,"{""n_entry"": 20, ""n_exit"": 10}",0.39291664249754854,4.7897299975563357e-05,9.18445008495361e-05,0.06135653563273503,0.054830727861489514,0.0010801201576408782,-0.08503174410718928,0.375,1.027500780378094,0.018381703080973692,-0.01073383306290611,24,21.666666666666668,0.6403940886699507,0.023718838010098664,-0.019291006224927076,13,11
2019-11-26 20:00:00,2022-11-26 20:00:00,2023-05-26 20:00:00,"{""n_entry"": 20, ""n_exit"": 10}",0.4152762827885113,-0.03383219234834545,-0.06447955289646501,-0.5743895198705262,-0.5688037860592243,-0.7339633633216249,-0.08785118729176933,0.38461538461538464,0.7402411101320329,0.009079241218123424,-0.007665780356774572,26,21.0,0.6791044776119403,0.01931409936915507,-0.051174172896313985,12,14
2020-05-26 20:00:00,2023-05-26 20:00:00,2023-11-26 20:00:00,"{""n_entry"": 90, ""n_exit"": 45}",0.6776169012369071,0.021554952254812854,0.042003775387691844,0.6371694962998405,0.7531446266798125,1.2972508846780646,-0.03237906860099449,0.5,1.8224896842308482,0.016278407619940555,-0.008931961459529791,6,120.0,0.8921933085501859,0.03592105825036751,-0.013881719769135215,4,2
2020-11-26 20:00:00,2023-11-26 20:00:00,2024-05-26 20:00:00,"{""n_entry"": 90, ""n_exit"": 45}",0.8813559246354143,0.09255163963921764,0.18877404018162047,2.0998242228054855,2.2931333467318566,4.601594572379469,-0.04102361414339162,0.8,13.740905950920183,0.024393487617736798,-0.007100983793897009,5,146.6,0.9196988707653702,0.05238456688750204,0.038088399789548144,3,2
2021-05-26 20:00:00,2024-05-26 20:00:00,2024-11-26 20:00:00,"{""n_entry"": 90, ""n_exit"": 45}",1.0352232354391138,0.09561014535151058,0.18982263819250744,1.7395473392479617,1.892643636786262,2.7500397887480346,-0.0690254151846017,0.5,6.063892142081005,0.03768015871991426,-0.006213857014116216,6,109.0,0.7995110024449877,0.03916226449133464,0.055236640626059486,4,2
2021-11-26 20:00:00,2024-11-26 20:00:00,2025-05-26 20:00:00,"{""n_entry"": 90, ""n_exit"": 45}",1.375146612701338,0.02538541062602473,0.05051707446808029,0.5414303740278236,0.6881903326380967,1.0751173640974867,-0.04698749750962039,0.5714285714285714,1.7382131685673148,0.015461403755288428,-0.011859998175047126,7,93.85714285714286,0.8295454545454546,-0.021071735485488352,0.047337355981500684,3,4
2022-05-26 20:00:00,2025-05-26 20:00:00,2025-11-26 20:00:00,"{""n_entry"": 90, ""n_exit"": 45}",1.1349632181811282,-0.04922471659377137,-0.09160875682655456,-1.6753423065800597,-1.354918359626255,-1.1282830830098738,-0.0811930606831166,0.2857142857142857,0.29283153820072877,0.01026143663907586,-0.014016846275679362,7,51.285714285714285,0.4388753056234719,-0.03042394900676404,-0.01913740909348105,6,1
2022-11-26 20:00:00,2025-11-26 20:00:00,2026-05-26 20:00:00,"{""n_entry"": 90, ""n_exit"": 45}",0.8161708516752695,-0.044069450282949285,-0.08479166657827342,-1.3272034380427775,-1.047446495257938,-1.6466495700465453,-0.051493449560052196,0.14285714285714285,0.14991061884910417,0.007847975972012478,-0.008725172408580376,7,63.285714285714285,0.5593434343434344,-0.03094828080520462,-0.013554777674265162,5,2
2023-05-26 20:00:00,2026-05-26 20:00:00,2026-06-10 20:00:00,"{""n_entry"": 90, ""n_exit"": 45}",0.5287821302316714,0.008050235478807455,0.20152157953249117,7.106163583018848,12.056385147432767,83.33178351983513,-0.002418303929430765,1.0,,0.008050235478807455,,1,68.0,1.0,0.008050235478807455,0.0,1,0
