symbol,shock_side,shock_level,shock_quantile,threshold_pct,horizon_bars,horizon_hours,count,current_return_mean_pct,future_return_mean_pct,future_return_median_pct,future_return_std_pct,future_return_t_stat,mr_return_mean_pct,mr_return_median_pct,mr_return_std_pct,mr_return_t_stat,mr_win_rate_pct
BTCUSDT,upper,5pct,0.0500000000,1.9012904090,1,4,636,2.9987411590,-0.0430988831,-0.0723930908,1.7877382912,-0.6079818733,0.0430988831,0.0723930908,1.7877382912,0.6079818733,52.8301886792
BTCUSDT,upper,5pct,0.0500000000,1.9012904090,2,8,636,2.9987411590,0.0608706745,0.0578973030,2.3234704741,0.6606927084,-0.0608706745,-0.0578973030,2.3234704741,-0.6606927084,48.2704402516
BTCUSDT,upper,5pct,0.0500000000,1.9012904090,3,12,636,2.9987411590,0.1858089022,0.0656655270,2.8007274590,1.6731089636,-0.1858089022,-0.0656655270,2.8007274590,-1.6731089636,49.0566037736
BTCUSDT,upper,5pct,0.0500000000,1.9012904090,6,24,636,2.9987411590,0.1105890882,0.0565837779,3.9610566675,0.7040925995,-0.1105890882,-0.0565837779,3.9610566675,-0.7040925995,49.0566037736
BTCUSDT,upper,5pct,0.0500000000,1.9012904090,12,48,636,2.9987411590,0.1544441030,0.2970583358,5.2956688351,0.7354938911,-0.1544441030,-0.2970583358,5.2956688351,-0.7354938911,47.9559748428
BTCUSDT,upper,5pct,0.0500000000,1.9012904090,18,72,636,2.9987411590,0.4229942547,0.5967581268,6.2608562839,1.7038418911,-0.4229942547,-0.5967581268,6.2608562839,-1.7038418911,45.9119496855
BTCUSDT,lower,5pct,0.0500000000,-1.8987744291,1,4,636,-3.0645041099,0.0914174937,0.1741612827,2.0489652275,1.1251833068,0.0914174937,0.1741612827,2.0489652275,1.1251833068,54.4025157233
BTCUSDT,lower,5pct,0.0500000000,-1.8987744291,2,8,636,-3.0645041099,0.0275108223,0.1657736506,2.7889717649,0.2487642749,0.0275108223,0.1657736506,2.7889717649,0.2487642749,53.1446540881
BTCUSDT,lower,5pct,0.0500000000,-1.8987744291,3,12,636,-3.0645041099,-0.1274131202,0.0381903005,3.2929826827,-0.9757830324,-0.1274131202,0.0381903005,3.2929826827,-0.9757830324,51.4150943396
BTCUSDT,lower,5pct,0.0500000000,-1.8987744291,6,24,636,-3.0645041099,0.3232952121,0.3925963235,4.3784192356,1.8621321041,0.3232952121,0.3925963235,4.3784192356,1.8621321041,55.3459119497
BTCUSDT,lower,5pct,0.0500000000,-1.8987744291,12,48,636,-3.0645041099,0.4942992799,0.4808161502,5.5863537725,2.2314651076,0.4942992799,0.4808161502,5.5863537725,2.2314651076,55.6603773585
BTCUSDT,lower,5pct,0.0500000000,-1.8987744291,18,72,636,-3.0645041099,0.4620830695,0.7720543738,6.5114042612,1.7896741077,0.4620830695,0.7720543738,6.5114042612,1.7896741077,56.9182389937
BTCUSDT,upper,2_5pct,0.0250000000,2.5953806458,1,4,318,3.8081039704,0.0157733737,-0.0045281033,1.8638519709,0.1509130288,-0.0157733737,0.0045281033,1.8638519709,-0.1509130288,50.0000000000
BTCUSDT,upper,2_5pct,0.0250000000,2.5953806458,2,8,318,3.8081039704,0.1475313841,0.1208405162,2.5581364209,1.0284289086,-0.1475313841,-0.1208405162,2.5581364209,-1.0284289086,46.2264150943
BTCUSDT,upper,2_5pct,0.0250000000,2.5953806458,3,12,318,3.8081039704,0.2843818721,0.1021656301,3.0131886851,1.6830194728,-0.2843818721,-0.1021656301,3.0131886851,-1.6830194728,47.7987421384
BTCUSDT,upper,2_5pct,0.0250000000,2.5953806458,6,24,318,3.8081039704,0.0978592133,0.0826779326,4.2734507602,0.4083537758,-0.0978592133,-0.0826779326,4.2734507602,-0.4083537758,48.7421383648
BTCUSDT,upper,2_5pct,0.0250000000,2.5953806458,12,48,318,3.8081039704,0.1484184221,0.1595534210,5.4151333948,0.4887561225,-0.1484184221,-0.1595534210,5.4151333948,-0.4887561225,49.3710691824
BTCUSDT,upper,2_5pct,0.0250000000,2.5953806458,18,72,318,3.8081039704,0.4929989969,0.3289044183,6.2341043539,1.4102156432,-0.4929989969,-0.3289044183,6.2341043539,-1.4102156432,48.1132075472
BTCUSDT,lower,2_5pct,0.0250000000,-2.6062629474,1,4,318,-3.9230462646,0.1161411918,0.1780008440,2.3419452806,0.8843477896,0.1161411918,0.1780008440,2.3419452806,0.8843477896,55.0314465409
BTCUSDT,lower,2_5pct,0.0250000000,-2.6062629474,2,8,318,-3.9230462646,0.1446480908,0.2325310365,3.1783199876,0.8115749746,0.1446480908,0.2325310365,3.1783199876,0.8115749746,53.7735849057
BTCUSDT,lower,2_5pct,0.0250000000,-2.6062629474,3,12,318,-3.9230462646,0.0056862359,0.1602481046,3.7427325468,0.0270925349,0.0056862359,0.1602481046,3.7427325468,0.0270925349,53.1446540881
BTCUSDT,lower,2_5pct,0.0250000000,-2.6062629474,6,24,318,-3.9230462646,0.6463858914,0.6488931696,4.8184961254,2.3921803268,0.6463858914,0.6488931696,4.8184961254,2.3921803268,58.1761006289
BTCUSDT,lower,2_5pct,0.0250000000,-2.6062629474,12,48,318,-3.9230462646,0.7476734760,0.6792485104,6.0376999742,2.2082793227,0.7476734760,0.6792485104,6.0376999742,2.2082793227,57.8616352201
BTCUSDT,lower,2_5pct,0.0250000000,-2.6062629474,18,72,318,-3.9230462646,0.7081188717,1.3235772038,7.0678304831,1.7866258115,0.7081188717,1.3235772038,7.0678304831,1.7866258115,58.4905660377
BTCUSDT,upper,1pct,0.0100000000,3.7063389285,1,4,128,4.9244103518,-0.0339392982,-0.1209087852,1.7779127859,-0.2159719695,0.0339392982,0.1209087852,1.7779127859,0.2159719695,52.3437500000
BTCUSDT,upper,1pct,0.0100000000,3.7063389285,2,8,128,4.9244103518,0.1616810418,0.2880745577,2.4842653099,0.7363191722,-0.1616810418,-0.2880745577,2.4842653099,-0.7363191722,43.7500000000
BTCUSDT,upper,1pct,0.0100000000,3.7063389285,3,12,128,4.9244103518,0.3982449158,0.2765725001,3.0327251704,1.4856693685,-0.3982449158,-0.2765725001,3.0327251704,-1.4856693685,45.3125000000
BTCUSDT,upper,1pct,0.0100000000,3.7063389285,6,24,128,4.9244103518,0.0479920453,0.0420912390,4.2461559587,0.1278728375,-0.0479920453,-0.0420912390,4.2461559587,-0.1278728375,49.2187500000
BTCUSDT,upper,1pct,0.0100000000,3.7063389285,12,48,128,4.9244103518,0.1619582775,-0.1943537670,5.3188150187,0.3445031900,-0.1619582775,0.1943537670,5.3188150187,-0.3445031900,53.1250000000
BTCUSDT,upper,1pct,0.0100000000,3.7063389285,18,72,128,4.9244103518,0.4381954499,0.6922464941,5.9944841569,0.8270295585,-0.4381954499,-0.6922464941,5.9944841569,-0.8270295585,45.3125000000
BTCUSDT,lower,1pct,0.0100000000,-3.8646644461,1,4,128,-5.2372171189,0.6286526296,0.7092558423,2.6110418083,2.7239673359,0.6286526296,0.7092558423,2.6110418083,2.7239673359,64.8437500000
BTCUSDT,lower,1pct,0.0100000000,-3.8646644461,2,8,128,-5.2372171189,0.3269425420,0.4237626538,3.6975819435,1.0003652855,0.3269425420,0.4237626538,3.6975819435,1.0003652855,55.4687500000
BTCUSDT,lower,1pct,0.0100000000,-3.8646644461,3,12,128,-5.2372171189,0.3826587876,0.6601837653,4.1606231886,1.0405388282,0.3826587876,0.6601837653,4.1606231886,1.0405388282,59.3750000000
BTCUSDT,lower,1pct,0.0100000000,-3.8646644461,6,24,128,-5.2372171189,1.4070981268,1.3520976864,5.4254153261,2.9342450448,1.4070981268,1.3520976864,5.4254153261,2.9342450448,64.0625000000
BTCUSDT,lower,1pct,0.0100000000,-3.8646644461,12,48,128,-5.2372171189,1.7761544120,2.3889723807,6.4964393672,3.0932164730,1.7761544120,2.3889723807,6.4964393672,3.0932164730,66.4062500000
BTCUSDT,lower,1pct,0.0100000000,-3.8646644461,18,72,128,-5.2372171189,1.6074087355,1.9629076345,7.6153480352,2.3880397571,1.6074087355,1.9629076345,7.6153480352,2.3880397571,65.6250000000
ETHUSDT,upper,5pct,0.0500000000,2.5346196347,1,4,636,3.8966985249,-0.0176907843,-0.1205460752,2.1979090911,-0.2029859221,0.0176907843,0.1205460752,2.1979090911,0.2029859221,52.9874213836
ETHUSDT,upper,5pct,0.0500000000,2.5346196347,2,8,636,3.8966985249,0.0656541750,0.0936356491,2.8975450014,0.5714269468,-0.0656541750,-0.0936356491,2.8975450014,-0.5714269468,48.1132075472
ETHUSDT,upper,5pct,0.0500000000,2.5346196347,3,12,636,3.8966985249,0.2199009430,0.2108127203,3.5720997404,1.5525016583,-0.2199009430,-0.2108127203,3.5720997404,-1.5525016583,46.3836477987
ETHUSDT,upper,5pct,0.0500000000,2.5346196347,6,24,636,3.8966985249,0.1017958665,0.3223598027,5.5486334970,0.4626714081,-0.1017958665,-0.3223598027,5.5486334970,-0.4626714081,47.7987421384
ETHUSDT,upper,5pct,0.0500000000,2.5346196347,12,48,636,3.8966985249,0.5202981146,0.6269769832,7.4121551795,1.7702569450,-0.5202981146,-0.6269769832,7.4121551795,-1.7702569450,45.2830188679
ETHUSDT,upper,5pct,0.0500000000,2.5346196347,18,72,636,3.8966985249,0.5384375265,0.6703547994,9.0519996886,1.5000970190,-0.5384375265,-0.6703547994,9.0519996886,-1.5000970190,45.9119496855
ETHUSDT,lower,5pct,0.0500000000,-2.5346979200,1,4,636,-4.0900606746,0.0346006177,0.2519651645,2.7290849185,0.3197388146,0.0346006177,0.2519651645,2.7290849185,0.3197388146,56.1320754717
ETHUSDT,lower,5pct,0.0500000000,-2.5346979200,2,8,636,-4.0900606746,-0.0348586498,0.1273259656,3.7456057469,-0.2347021440,-0.0348586498,0.1273259656,3.7456057469,-0.2347021440,52.5157232704
ETHUSDT,lower,5pct,0.0500000000,-2.5346979200,3,12,636,-4.0900606746,-0.1678418013,0.1212797930,4.4804999182,-0.9447180559,-0.1678418013,0.1212797930,4.4804999182,-0.9447180559,52.0440251572
ETHUSDT,lower,5pct,0.0500000000,-2.5346979200,6,24,636,-4.0900606746,0.3453408074,0.5708326743,5.7819407614,1.5062699778,0.3453408074,0.5708326743,5.7819407614,1.5062699778,55.6603773585
ETHUSDT,lower,5pct,0.0500000000,-2.5346979200,12,48,636,-4.0900606746,0.2311350005,0.4433860081,7.5582471630,0.7712109428,0.2311350005,0.4433860081,7.5582471630,0.7712109428,53.4591194969
ETHUSDT,lower,5pct,0.0500000000,-2.5346979200,18,72,636,-4.0900606746,0.0722184939,0.5582924494,9.2356784594,0.1972005765,0.0722184939,0.5582924494,9.2356784594,0.1972005765,53.1446540881
ETHUSDT,upper,2_5pct,0.0250000000,3.4259657599,1,4,318,4.8817030506,0.0127120558,-0.0153544024,2.4073188023,0.0941663509,-0.0127120558,0.0153544024,2.4073188023,-0.0941663509,50.6289308176
ETHUSDT,upper,2_5pct,0.0250000000,3.4259657599,2,8,318,4.8817030506,0.2515146466,0.2598024745,3.2736008912,1.3700963532,-0.2515146466,-0.2598024745,3.2736008912,-1.3700963532,44.9685534591
ETHUSDT,upper,2_5pct,0.0250000000,3.4259657599,3,12,318,4.8817030506,0.4780883382,0.5135387293,4.0696474201,2.0949078547,-0.4780883382,-0.5135387293,4.0696474201,-2.0949078547,41.1949685535
ETHUSDT,upper,2_5pct,0.0250000000,3.4259657599,6,24,318,4.8817030506,0.4929174308,0.7813073229,6.2311939806,1.4106408782,-0.4929174308,-0.7813073229,6.2311939806,-1.4106408782,44.0251572327
ETHUSDT,upper,2_5pct,0.0250000000,3.4259657599,12,48,318,4.8817030506,1.3738077416,1.4068073855,7.6459215820,3.2041266918,-1.3738077416,-1.4068073855,7.6459215820,-3.2041266918,41.5094339623
ETHUSDT,upper,2_5pct,0.0250000000,3.4259657599,18,72,318,4.8817030506,1.1616773499,0.9023167744,10.1461618367,2.0417252344,-1.1616773499,-0.9023167744,10.1461618367,-2.0417252344,43.3962264151
ETHUSDT,lower,2_5pct,0.0250000000,-3.5360705099,1,4,318,-5.2191964213,0.1909988605,0.2950652230,3.0969350366,1.0997962659,0.1909988605,0.2950652230,3.0969350366,1.0997962659,58.1761006289
ETHUSDT,lower,2_5pct,0.0250000000,-3.5360705099,2,8,318,-5.2191964213,0.1165914354,0.1400097374,4.1653478744,0.4991475354,0.1165914354,0.1400097374,4.1653478744,0.4991475354,52.2012578616
ETHUSDT,lower,2_5pct,0.0250000000,-3.5360705099,3,12,318,-5.2191964213,0.0879632000,0.1225520922,4.8421464619,0.3239490112,0.0879632000,0.1225520922,4.8421464619,0.3239490112,51.8867924528
ETHUSDT,lower,2_5pct,0.0250000000,-3.5360705099,6,24,318,-5.2191964213,0.8342828521,0.9502513045,6.3993367850,2.3248337959,0.8342828521,0.9502513045,6.3993367850,2.3248337959,56.9182389937
ETHUSDT,lower,2_5pct,0.0250000000,-3.5360705099,12,48,318,-5.2191964213,0.5911491379,0.6830168628,8.2653119878,1.2754145560,0.5911491379,0.6830168628,8.2653119878,1.2754145560,55.0314465409
ETHUSDT,lower,2_5pct,0.0250000000,-3.5360705099,18,72,318,-5.2191964213,0.4284684196,0.9300463777,10.1472092110,0.7529840260,0.4284684196,0.9300463777,10.1472092110,0.7529840260,55.6603773585
ETHUSDT,upper,1pct,0.0100000000,4.6751322219,1,4,128,6.1994319090,0.1822817377,0.2235218665,2.4874020221,0.8290909257,-0.1822817377,-0.2235218665,2.4874020221,-0.8290909257,46.8750000000
ETHUSDT,upper,1pct,0.0100000000,4.6751322219,2,8,128,6.1994319090,0.3992067498,0.1912679106,3.4303185063,1.3166441513,-0.3992067498,-0.1912679106,3.4303185063,-1.3166441513,46.0937500000
ETHUSDT,upper,1pct,0.0100000000,4.6751322219,3,12,128,6.1994319090,0.5667447138,0.7199882853,4.2615737914,1.5046048241,-0.5667447138,-0.7199882853,4.2615737914,-1.5046048241,42.1875000000
ETHUSDT,upper,1pct,0.0100000000,4.6751322219,6,24,128,6.1994319090,0.5638525409,0.5490904840,6.6797475131,0.9550156307,-0.5638525409,-0.5490904840,6.6797475131,-0.9550156307,43.7500000000
ETHUSDT,upper,1pct,0.0100000000,4.6751322219,12,48,128,6.1994319090,1.8660138353,1.1483699763,8.3684595439,2.5227506301,-1.8660138353,-1.1483699763,8.3684595439,-2.5227506301,43.7500000000
ETHUSDT,upper,1pct,0.0100000000,4.6751322219,18,72,128,6.1994319090,1.5298694491,0.5168975293,10.9298939883,1.5835923941,-1.5298694491,-0.5168975293,10.9298939883,-1.5835923941,43.7500000000
ETHUSDT,lower,1pct,0.0100000000,-5.0589073200,1,4,128,-6.7981643680,0.8042326536,1.0032968740,3.6002043631,2.5273159219,0.8042326536,1.0032968740,3.6002043631,2.5273159219,67.1875000000
ETHUSDT,lower,1pct,0.0100000000,-5.0589073200,2,8,128,-6.7981643680,0.4870931765,0.4046913996,4.9576924507,1.1115716163,0.4870931765,0.4046913996,4.9576924507,1.1115716163,54.6875000000
ETHUSDT,lower,1pct,0.0100000000,-5.0589073200,3,12,128,-6.7981643680,0.6598451024,0.6307132665,5.7802886667,1.2915090531,0.6598451024,0.6307132665,5.7802886667,1.2915090531,57.8125000000
ETHUSDT,lower,1pct,0.0100000000,-5.0589073200,6,24,128,-6.7981643680,1.7484963909,1.3868734741,7.4372485311,2.6598517443,1.7484963909,1.3868734741,7.4372485311,2.6598517443,59.3750000000
ETHUSDT,lower,1pct,0.0100000000,-5.0589073200,12,48,128,-6.7981643680,1.3546285942,1.0726267637,9.1920413505,1.6672980957,1.3546285942,1.0726267637,9.1920413505,1.6672980957,57.0312500000
ETHUSDT,lower,1pct,0.0100000000,-5.0589073200,18,72,128,-6.7981643680,0.5298029952,0.7893782132,11.3554462343,0.5278556674,0.5298029952,0.7893782132,11.3554462343,0.5278556674,53.1250000000
SOLUSDT,upper,5pct,0.0500000000,3.8325049439,1,4,636,6.2535717467,0.0364097904,-0.0439339982,4.1640410161,0.2205117508,-0.0364097904,0.0439339982,4.1640410161,-0.2205117508,50.7861635220
SOLUSDT,upper,5pct,0.0500000000,3.8325049439,2,8,636,6.2535717467,0.2632932304,0.0597425910,5.7874461615,1.1473113419,-0.2632932304,-0.0597425910,5.7874461615,-1.1473113419,48.5849056604
SOLUSDT,upper,5pct,0.0500000000,3.8325049439,3,12,636,6.2535717467,0.4127001004,0.1183287068,6.6646484681,1.5616578376,-0.4127001004,-0.1183287068,6.6646484681,-1.5616578376,48.1132075472
SOLUSDT,upper,5pct,0.0500000000,3.8325049439,6,24,636,6.2535717467,0.4778130958,0.1312029599,9.0438206058,1.3324001330,-0.4778130958,-0.1312029599,9.0438206058,-1.3324001330,49.3710691824
SOLUSDT,upper,5pct,0.0500000000,3.8325049439,12,48,636,6.2535717467,1.4396428522,0.9511709013,11.1956748220,3.2428961956,-1.4396428522,-0.9511709013,11.1956748220,-3.2428961956,45.5974842767
SOLUSDT,upper,5pct,0.0500000000,3.8325049439,18,72,636,6.2535717467,1.9033057307,1.3446397769,13.3197822868,3.6036282825,-1.9033057307,-1.3446397769,13.3197822868,-3.6036282825,44.1823899371
SOLUSDT,lower,5pct,0.0500000000,-3.7212992607,1,4,636,-5.8667251340,0.5315300867,0.5468909670,4.4447175834,3.0158673734,0.5315300867,0.5468909670,4.4447175834,3.0158673734,57.0754716981
SOLUSDT,lower,5pct,0.0500000000,-3.7212992607,2,8,636,-5.8667251340,0.6927421240,0.5234991209,5.6258538409,3.1053582484,0.6927421240,0.5234991209,5.6258538409,3.1053582484,55.5031446541
SOLUSDT,lower,5pct,0.0500000000,-3.7212992607,3,12,636,-5.8667251340,0.7030959195,0.5078628995,7.2055508743,2.4607978941,0.7030959195,0.5078628995,7.2055508743,2.4607978941,54.2452830189
SOLUSDT,lower,5pct,0.0500000000,-3.7212992607,6,24,636,-5.8667251340,1.5462395788,1.2851430054,9.4926264379,4.1078913935,1.5462395788,1.2851430054,9.4926264379,4.1078913935,56.7610062893
SOLUSDT,lower,5pct,0.0500000000,-3.7212992607,12,48,636,-5.8667251340,1.7950810021,1.5507047612,12.5479580868,3.6077758665,1.7950810021,1.5507047612,12.5479580868,3.6077758665,57.3899371069
SOLUSDT,lower,5pct,0.0500000000,-3.7212992607,18,72,636,-5.8667251340,2.5184972485,2.7537711044,14.6947296028,4.3222356341,2.5184972485,2.7537711044,14.6947296028,4.3222356341,61.4779874214
SOLUSDT,upper,2_5pct,0.0250000000,5.4293198767,1,4,318,7.9506342872,-0.0617979868,-0.5121343331,4.5430327030,-0.2425727568,0.0617979868,0.5121343331,4.5430327030,0.2425727568,53.7735849057
SOLUSDT,upper,2_5pct,0.0250000000,5.4293198767,2,8,318,7.9506342872,0.6183622094,0.0418295872,6.0223922711,1.8309962725,-0.6183622094,-0.0418295872,6.0223922711,-1.8309962725,48.4276729560
SOLUSDT,upper,2_5pct,0.0250000000,5.4293198767,3,12,318,7.9506342872,0.9301376840,0.4335061762,6.7599170629,2.4536885272,-0.9301376840,-0.4335061762,6.7599170629,-2.4536885272,47.7987421384
SOLUSDT,upper,2_5pct,0.0250000000,5.4293198767,6,24,318,7.9506342872,1.2426063297,1.2664164293,9.1105666680,2.4322137034,-1.2426063297,-1.2664164293,9.1105666680,-2.4322137034,45.5974842767
SOLUSDT,upper,2_5pct,0.0250000000,5.4293198767,12,48,318,7.9506342872,2.3035009443,1.6191124319,11.8337075547,3.4712118701,-2.3035009443,-1.6191124319,11.8337075547,-3.4712118701,42.7672955975
SOLUSDT,upper,2_5pct,0.0250000000,5.4293198767,18,72,318,7.9506342872,2.4176396337,1.2980200489,14.2620384912,3.0228982032,-2.4176396337,-1.2980200489,14.2620384912,-3.0228982032,44.9685534591
SOLUSDT,lower,2_5pct,0.0250000000,-5.1237741663,1,4,318,-7.4369877897,0.9301094741,1.0189915694,5.1620021999,3.2131384774,0.9301094741,1.0189915694,5.1620021999,3.2131384774,60.0628930818
SOLUSDT,lower,2_5pct,0.0250000000,-5.1237741663,2,8,318,-7.4369877897,0.9806531134,0.7669997674,6.4868667248,2.6958392753,0.9806531134,0.7669997674,6.4868667248,2.6958392753,56.6037735849
SOLUSDT,lower,2_5pct,0.0250000000,-5.1237741663,3,12,318,-7.4369877897,0.9365525466,1.0420773991,8.4250499512,1.9823175443,0.9365525466,1.0420773991,8.4250499512,1.9823175443,55.6603773585
SOLUSDT,lower,2_5pct,0.0250000000,-5.1237741663,6,24,318,-7.4369877897,2.1287654805,1.9854749440,11.0389012386,3.4388682015,2.1287654805,1.9854749440,11.0389012386,3.4388682015,59.1194968553
SOLUSDT,lower,2_5pct,0.0250000000,-5.1237741663,12,48,318,-7.4369877897,1.9845990413,2.3396050768,14.3303455103,2.4696173961,1.9845990413,2.3396050768,14.3303455103,2.4696173961,60.0628930818
SOLUSDT,lower,2_5pct,0.0250000000,-5.1237741663,18,72,318,-7.4369877897,3.0113494991,3.3686847504,15.8267995523,3.3929825095,3.0113494991,3.3686847504,15.8267995523,3.3929825095,64.4654088050
SOLUSDT,upper,1pct,0.0100000000,7.4638733570,1,4,128,10.4277574045,-0.3553343729,-0.8391867049,4.3417245799,-0.9259337945,0.3553343729,0.8391867049,4.3417245799,0.9259337945,57.0312500000
SOLUSDT,upper,1pct,0.0100000000,7.4638733570,2,8,128,10.4277574045,0.0165915153,-0.3512246785,6.0986527744,0.0307791859,-0.0165915153,0.3512246785,6.0986527744,-0.0307791859,53.9062500000
SOLUSDT,upper,1pct,0.0100000000,7.4638733570,3,12,128,10.4277574045,0.6839853278,0.8136329855,6.6923574297,1.1563056364,-0.6839853278,-0.8136329855,6.6923574297,-1.1563056364,48.4375000000
SOLUSDT,upper,1pct,0.0100000000,7.4638733570,6,24,128,10.4277574045,0.9013178266,1.3931302478,9.4057442768,1.0841510097,-0.9013178266,-1.3931302478,9.4057442768,-1.0841510097,44.5312500000
SOLUSDT,upper,1pct,0.0100000000,7.4638733570,12,48,128,10.4277574045,1.9082566929,1.3006675479,11.5806296660,1.8642734107,-1.9082566929,-1.3006675479,11.5806296660,-1.8642734107,44.5312500000
SOLUSDT,upper,1pct,0.0100000000,7.4638733570,18,72,128,10.4277574045,1.9111953655,1.3820134164,14.0237367950,1.5418648800,-1.9111953655,-1.3820134164,14.0237367950,-1.5418648800,46.0937500000
SOLUSDT,lower,1pct,0.0100000000,-7.0432299734,1,4,128,-9.6957661282,1.4632184707,1.5282546107,6.1422076479,2.6951917285,1.4632184707,1.5282546107,6.1422076479,2.6951917285,65.6250000000
SOLUSDT,lower,1pct,0.0100000000,-7.0432299734,2,8,128,-9.6957661282,1.4241323105,0.8244121878,7.6243027907,2.1132709792,1.4241323105,0.8244121878,7.6243027907,2.1132709792,56.2500000000
SOLUSDT,lower,1pct,0.0100000000,-7.0432299734,3,12,128,-9.6957661282,2.2385753190,1.4430906263,10.4806409529,2.4165114258,2.2385753190,1.4430906263,10.4806409529,2.4165114258,61.7187500000
SOLUSDT,lower,1pct,0.0100000000,-7.0432299734,6,24,128,-9.6957661282,3.4499251504,3.2117076730,13.8357828863,2.8210508806,3.4499251504,3.2117076730,13.8357828863,2.8210508806,62.5000000000
SOLUSDT,lower,1pct,0.0100000000,-7.0432299734,12,48,128,-9.6957661282,2.3992076329,4.2044118545,16.7023665905,1.6251550725,2.3992076329,4.2044118545,16.7023665905,1.6251550725,66.4062500000
SOLUSDT,lower,1pct,0.0100000000,-7.0432299734,18,72,128,-9.6957661282,3.5545816208,3.8965222212,18.1507843484,2.2156342956,3.5545816208,3.8965222212,18.1507843484,2.2156342956,64.8437500000
