full_sample_rank,strategy_id,short_ma,long_ma,sl_atr,tp_atr,full_sample_sharpe,full_sample_cum_return,full_sample_max_drawdown,bar_profit_factor,trade_count,win_rate,trade_profit_factor,avg_trade_return,median_trade_return
1,ma_s20_l50_sl_none_tp_none,20,50,none,none,0.5716800378464449,0.35451446083477656,-0.10127984365711507,1.0241601807310619,786,0.3816793893129771,1.1793433187350333,0.00042042284755147496,-0.0010217630656430628
2,ma_s20_l50_sl_atr1_5_tp_none,20,50,1.5,none,0.5395818381894527,0.31930452552359734,-0.10250064420572691,1.0222406674281916,1659,0.30078360458107295,1.1287088721999496,0.00018233513747417673,-0.0013210684425132774
3,ma_s10_l50_sl_atr1_5_tp_none,10,50,1.5,none,0.5087870046261952,0.29406855907559737,-0.11266126229308515,1.020779576533252,1715,0.2915451895043732,1.120887128327259,0.0001648683396485767,-0.001223998461733743
4,ma_s10_l50_sl_none_tp_none,10,50,none,none,0.4989673198611523,0.29872148730330483,-0.1722859087856483,1.0210517700123785,938,0.34968017057569295,1.1418656541796957,0.0003074659707506888,-0.0011734712708199777
5,ma_s10_l50_sl_atr1_0_tp_none,10,50,1.0,none,0.4542848307294297,0.2531679678610623,-0.12271955542070812,1.0184289244190168,2271,0.24394539850286218,1.1006439893198348,0.00011016373043740762,-0.0010573980762532517
6,ma_s20_l50_sl_atr1_0_tp_none,20,50,1.0,none,0.44807676559584714,0.2512034282719531,-0.11245860384572293,1.0183395609387473,2253,0.2401242787394585,1.0990502238420614,0.00011054782685636831,-0.0010858278806854897
7,ma_s30_l50_sl_atr1_5_tp_none,30,50,1.5,none,0.3508161630184058,0.18629620666404811,-0.1032546468220048,1.014367519654322,1801,0.31149361465852304,1.0783197136116969,0.00010886566360262794,-0.0013307848335866758
8,ma_s20_l100_sl_none_tp_none,20,100,none,none,0.34975042676688517,0.1914021152355203,-0.19004417928041017,1.0147116904802553,470,0.3276595744680851,1.1403779054962349,0.0004301105414322357,-0.0019873390144859453
9,ma_s30_l50_sl_none_tp_none,30,50,none,none,0.34739383060559226,0.18982080301906,-0.11233009969585606,1.0146116519270856,806,0.3883374689826303,1.1050555995389724,0.00024914668258495183,-0.0009698802236094944
10,ma_s5_l50_sl_none_tp_none,5,50,none,none,0.30074851931711705,0.15814000580713494,-0.14654717946416873,1.0126363763779773,1258,0.302066772655008,1.0753590442768803,0.0001381833618570395,-0.0011445168808881013
11,ma_s10_l150_sl_none_tp_none,10,150,none,none,0.28279254004659776,0.14618366381156345,-0.19763653937107195,1.0118783113306653,500,0.282,1.11818629958883,0.0003269202691276694,-0.0018526178967521489
12,ma_s20_l100_sl_atr1_5_tp_none,20,100,1.5,none,0.2801749123497699,0.14160819842860062,-0.18498808087003782,1.011539089098867,1163,0.2519346517626827,1.08732221942188,0.00013604072294141683,-0.0014522975543219327
13,ma_s10_l150_sl_atr1_5_tp_none,10,150,1.5,none,0.2652061288253133,0.13210508722009706,-0.1596398268919471,1.0109411583845789,1042,0.23512476007677544,1.093369648978475,0.00014386259569644432,-0.0014674643190737482
14,ma_s5_l50_sl_atr1_5_tp_none,5,50,1.5,none,0.25038633978533853,0.12111651997812656,-0.14109612617162004,1.0101927113060378,1928,0.2717842323651452,1.055276873009885,7.228032613332309e-05,-0.0011493525575025925
15,ma_s20_l100_sl_atr1_0_tp_none,20,100,1.0,none,0.24646080860052813,0.11924292288492522,-0.20162030495466976,1.0100925643317955,1585,0.20126182965299685,1.0730092808097413,8.706019763709919e-05,-0.0011242950332198635
16,ma_s10_l150_sl_atr1_0_tp_none,10,150,1.0,none,0.23061081883462628,0.10980035223547935,-0.15656281922469972,1.0094830918096165,1410,0.1900709219858156,1.078048058378438,9.204230171337942e-05,-0.0011394084448392823
17,ma_s5_l50_sl_atr1_0_tp_none,5,50,1.0,none,0.20096471781421196,0.0900870131755287,-0.14965415055397435,1.0081236825762767,2503,0.22852576907710748,1.041789043283031,4.428031620935181e-05,-0.0010024768096867016
18,ma_s30_l50_sl_atr1_0_tp_none,30,50,1.0,none,0.19489577402263106,0.08675246580303386,-0.11164408805739534,1.00791645540045,2446,0.24325429272281276,1.0400605734871617,4.4151068733931766e-05,-0.0010761711424282115
19,ma_s5_l100_sl_atr1_5_tp_none,5,100,1.5,none,0.18534567561562562,0.08190723766424846,-0.19443376794983092,1.00761179985699,1343,0.24199553239017127,1.054246297430962,7.769604347555517e-05,-0.0012862211862708652
20,ma_s20_l150_sl_none_tp_none,20,150,none,none,0.18029182786986056,0.08024476904512778,-0.18378976188115526,1.0075565772184365,394,0.3020304568527919,1.0769601446845376,0.0002644868581197635,-0.0026549284528749723
21,ma_s20_l150_sl_atr1_5_tp_none,20,150,1.5,none,0.15459779353699046,0.06348013123193286,-0.16425150060506633,1.0063527628371378,1029,0.21865889212827988,1.0531155854355416,8.489173497996469e-05,-0.0015259833665333725
22,ma_s20_l150_sl_atr1_0_tp_none,20,150,1.0,none,0.14819642711789613,0.059439663185853586,-0.15918645410504528,1.0060749432944915,1403,0.17533856022808267,1.0490990746205657,5.93317026783804e-05,-0.0011775819337399077
23,ma_s5_l100_sl_none_tp_none,5,100,none,none,0.14579472181793043,0.058918564105364224,-0.23104831886070976,1.006105896051038,832,0.2548076923076923,1.0478465923408888,0.0001012861372091358,-0.0013802623064967348
24,ma_s10_l100_sl_none_tp_none,10,100,none,none,0.1322668973828778,0.05067158713569775,-0.252904494898463,1.0055385027476085,636,0.2908805031446541,1.0461396347597505,0.00012021274911463825,-0.0017090294553241134
25,ma_s10_l50_sl_none_tp_atr2_0,10,50,none,2.0,0.13000752517043684,0.048741536672293195,-0.1838571913381466,1.005386372427749,2435,0.6258726899383984,1.0170377815774372,3.0116175773585385e-05,0.0017031050237437543
26,ma_s10_l50_sl_none_tp_atr1_5,10,50,none,1.5,0.12249760729272692,0.04417442295916474,-0.1665303238089424,1.0050533672009574,3052,0.6988859764089121,1.0151418497291271,2.2475685585872593e-05,0.0014102825017317383
27,ma_s5_l100_sl_atr1_0_tp_none,5,100,1.0,none,0.1190871276273371,0.042170345942337706,-0.21191875070809407,1.0048537784778249,1770,0.207909604519774,1.0331369378767268,3.759215128689049e-05,-0.0010778902237314327
28,ma_s30_l100_sl_none_tp_none,30,100,none,none,0.11046960998632921,0.03751619165740516,-0.21299586782145108,1.004623163836836,420,0.3476190476190476,1.0439456494333688,0.00015203837371880588,-0.002197474053281894
29,ma_s10_l200_sl_atr1_5_tp_none,10,200,1.5,none,0.10885155237218015,0.036336957344804244,-0.17085572715312047,1.0044672251856759,981,0.22426095820591233,1.0400699302472034,6.264711150304033e-05,-0.0014844365602080312
30,ma_s20_l50_sl_none_tp_atr1_5,20,50,none,1.5,0.09052781486254112,0.02565480238876927,-0.1616977455468992,1.0037140616911275,2737,0.7186700767263428,1.0121037444237655,1.8431932737437566e-05,0.0014434063670677305
31,ma_s5_l200_sl_atr1_5_tp_none,5,200,1.5,none,0.081656516650127,0.020538898485543244,-0.16729947489369945,1.0033529731057709,1006,0.21769383697813122,1.0304229332585457,4.587879370017541e-05,-0.0014026403235913745
32,ma_s10_l100_sl_atr1_5_tp_none,10,100,1.5,none,0.07985460094002664,0.019524553205954698,-0.220736432910571,1.0032679288605457,1267,0.2462509865824783,1.023234137528937,3.548266159968513e-05,-0.0014118292955969428
33,ma_s10_l200_sl_none_tp_none,10,200,none,none,0.07683339284535386,0.017542550226366416,-0.16217143307358328,1.0032135536137066,448,0.25,1.033010178510117,9.91303796663445e-05,-0.0021285435812844864
34,ma_s30_l150_sl_atr1_5_tp_none,30,150,1.5,none,0.07547451059405623,0.016977534254577265,-0.18731549211702825,1.003101341385073,1022,0.2318982387475538,1.0257401249705844,4.173854021103174e-05,-0.0015427034288088247
35,ma_s10_l200_sl_atr1_0_tp_none,10,200,1.0,none,0.07153470513083433,0.014781332709792538,-0.18972864696921632,1.002926790421418,1328,0.18147590361445784,1.0252973139215213,3.0277154197086355e-05,-0.0011735789011567937
36,ma_s20_l50_sl_none_tp_atr2_0,20,50,none,2.0,0.06822106260494637,0.012913149846423666,-0.16780426691856398,1.0028073711058407,2156,0.6493506493506493,1.00966146357164,1.773789207442925e-05,0.0017473325314769474
37,ma_s5_l200_sl_atr1_0_tp_none,5,200,1.0,none,0.061532270317926234,0.009050633987881751,-0.1770960200526639,1.0025237537563028,1336,0.18188622754491018,1.0220471300536125,2.594830833408809e-05,-0.0011270694035797647
38,ma_s30_l150_sl_none_tp_none,30,150,none,none,0.06119087173947323,0.008381785484033788,-0.19082242204786637,1.0025584068017241,348,0.29310344827586204,1.02710797697502,0.00010163808209778036,-0.0026353817879168013
39,ma_s5_l150_sl_atr1_5_tp_none,5,150,1.5,none,0.055637477421786145,0.005659322009667456,-0.1833221823730008,1.002283393922052,1132,0.21908127208480566,1.0188340989843208,2.7750712851076677e-05,-0.0014126012271989173
40,ma_s30_l150_sl_atr1_0_tp_none,30,150,1.0,none,0.0484343470369835,0.0017304632120440644,-0.18736195132334632,1.0019821506860906,1427,0.1807988787666433,1.015649249155544,1.9043409053093542e-05,-0.0011606160194070987
41,ma_s10_l100_sl_atr1_0_tp_none,10,100,1.0,none,0.04482551966698601,-0.00016339128895170862,-0.23429682915315708,1.0018228457906844,1699,0.19894055326662743,1.0124473176825144,1.4727561918151891e-05,-0.0011294553705000294
42,ma_s30_l100_sl_atr1_5_tp_none,30,100,1.5,none,0.027086924706377746,-0.010268376033560345,-0.20970206417301518,1.0011060106359104,1179,0.2408821034775233,1.0080822463407824,1.291659828462971e-05,-0.0015168830734412174
43,ma_s20_l200_sl_atr1_0_tp_none,20,200,1.0,none,0.024750233738732752,-0.011559694041637592,-0.19063088711938247,1.0010126314976384,1282,0.1684867394695788,1.0087580172090995,1.0852198123823115e-05,-0.0011739807806797073
44,ma_s5_l200_sl_none_tp_none,5,200,none,none,0.01807376662937211,-0.0164389195653194,-0.1898143935896367,1.0007550578844573,584,0.22945205479452055,1.0071743761789809,1.7889028191592674e-05,-0.001788711114437318
45,ma_s20_l100_sl_none_tp_atr2_0,20,100,none,2.0,0.010368223693499884,-0.01975485900455798,-0.23202963471880722,1.0004278407928142,1613,0.7110973341599504,1.001715115582804,3.6303237048793902e-06,0.0019530839080370605
46,ma_s20_l200_sl_none_tp_none,20,200,none,none,0.0031875936622962064,-0.024863294140043846,-0.16836115609716396,1.000133109288006,342,0.2807017543859649,1.0014460761781778,5.3872433761033555e-06,-0.002743011291766772
47,ma_s5_l150_sl_none_tp_none,5,150,none,none,-0.009871763134795921,-0.0322004473429548,-0.22396690326614155,0.9995878740008033,686,0.23323615160349853,0.9964353924256163,-8.317916140287612e-06,-0.0015891759279132887
48,ma_s20_l100_sl_none_tp_atr1_5,20,100,none,1.5,-0.013614189549338136,-0.03244256598231765,-0.22295951323096752,0.9994413848024831,2064,0.7737403100775194,0.9978413677393245,-3.692655542550154e-06,0.0015968655591471774
49,ma_s5_l150_sl_atr1_0_tp_none,5,150,1.0,none,-0.0207955715610299,-0.03657883640900905,-0.18119752181750293,0.9991498713653708,1510,0.1880794701986755,0.9933529795126228,-7.745478966063579e-06,-0.001116530371358193
50,ma_s20_l200_sl_atr1_5_tp_none,20,200,1.5,none,-0.03176799292523138,-0.04286146473265828,-0.1993389082647582,0.9986982434902163,939,0.20234291799787008,0.9885802916961899,-1.9129990023317015e-05,-0.0015379645560709735
51,ma_s10_l150_sl_none_tp_atr1_5,10,150,none,1.5,-0.03713090388091843,-0.04534064355280654,-0.244571041109239,0.9984729882247266,2054,0.7599805258033107,0.9940585711277724,-1.0156918985886713e-05,0.0015686078944203523
52,ma_s30_l100_sl_atr1_0_tp_none,30,100,1.0,none,-0.04979285531988964,-0.05166107475383819,-0.2403260744786393,0.9979775587801466,1626,0.18696186961869618,0.9860366129959589,-1.7107560148224307e-05,-0.001146167827413785
53,ma_s20_l150_sl_none_tp_atr2_0,20,150,none,2.0,-0.07062021055628871,-0.0632816701510589,-0.22816731428204018,0.9971009321018969,1412,0.7287535410764873,0.9874129353354779,-2.814843372112822e-05,0.0020405438543608123
54,ma_s10_l150_sl_none_tp_atr2_0,10,150,none,2.0,-0.07370960206946912,-0.06473032388700928,-0.22828863034355162,0.9969776548702176,1602,0.6935081148564295,0.9878070824560012,-2.5841881029776622e-05,0.0019363046760542102
55,ma_s30_l150_sl_none_tp_atr2_0,30,150,none,2.0,-0.14417945195316723,-0.10170624055420274,-0.25975664009623034,0.9940773791898185,1333,0.7419354838709677,0.9733773740855919,-6.109801591737894e-05,0.00209020826666091
56,ma_s20_l150_sl_none_tp_atr1_5,20,150,none,1.5,-0.1563165198650841,-0.10675229559847665,-0.25033218250707956,0.9936083489421308,1808,0.7876106194690266,0.9729662074238286,-4.84097304177647e-05,0.0016189527829456134
57,ma_s30_l200_sl_atr1_5_tp_none,30,200,1.5,none,-0.1584646899083635,-0.10877148667929659,-0.23544556882778656,0.9935304830848317,952,0.21638655462184875,0.9453178953688218,-9.39257356082778e-05,-0.0016382465356869413
58,ma_s5_l50_sl_none_tp_atr2_0,5,50,none,2.0,-0.15868827679058478,-0.10830827733660775,-0.2439301067154187,0.9934827906759021,2885,0.5746967071057192,0.9814469256842451,-3.089075144871619e-05,0.0014763335429622956
59,ma_s30_l200_sl_atr1_0_tp_none,30,200,1.0,none,-0.1613570827838754,-0.10965111746391709,-0.2370779326735567,0.9934255601022255,1331,0.16829451540195342,0.9461510148233815,-6.809748749314798e-05,-0.0012036455040646858
60,ma_s10_l200_sl_none_tp_atr2_0,10,200,none,2.0,-0.16885250369832008,-0.11460014774953031,-0.23317218727967937,0.9930456385003366,1465,0.6969283276450512,0.9702623825627639,-6.533721244579097e-05,0.0019868059507267056
61,ma_s30_l100_sl_none_tp_atr2_0,30,100,none,2.0,-0.17557113071328537,-0.11735798052247703,-0.27615510970094215,0.9927913619971452,1511,0.728656518861681,0.970660364379751,-6.556657672233917e-05,0.002009937546270762
62,ma_s10_l100_sl_none_tp_atr2_0,10,100,none,2.0,-0.17823645675132122,-0.11922505802213024,-0.28236483647514976,0.9926476655022992,1869,0.6666666666666666,0.973209993301299,-5.403119305887644e-05,0.0018265288109904339
63,ma_s30_l200_sl_none_tp_none,30,200,none,none,-0.17961268212179013,-0.12264624711914618,-0.24028900671045095,0.9925283295564159,308,0.32142857142857145,0.9216502952508377,-0.0003370831913180208,-0.003235815013786556
64,ma_s5_l100_sl_none_tp_atr2_0,5,100,none,2.0,-0.1813214499892344,-0.12032653208318866,-0.2526749239036954,0.9925382729477548,2162,0.6253469010175763,0.9747425767808078,-4.736434018674657e-05,0.0016932081067690197
65,ma_s30_l50_sl_none_tp_atr2_0,30,50,none,2.0,-0.1828770755068233,-0.11918068226895395,-0.20988676650079618,0.9925597429055423,2110,0.647867298578199,0.97400686282979,-4.825865446727817e-05,0.0017129361333830505
66,ma_s30_l50_sl_none_tp_atr1_5,30,50,none,1.5,-0.18318321051348263,-0.11876747819948219,-0.2182011434440455,0.9925580929541565,2649,0.715364288410721,0.9749985423332613,-3.834251132478631e-05,0.0014170070221403823
67,ma_s5_l50_sl_none_tp_atr1_5,5,50,none,1.5,-0.18325592120800463,-0.1190960365850614,-0.2586619625416373,0.9925207235103514,3535,0.6509193776520509,0.9798559827048459,-2.880545874124721e-05,0.0013051253977734633
68,ma_s10_l100_sl_none_tp_atr1_5,10,100,none,1.5,-0.18959433383866076,-0.12415570853633051,-0.29202248233408523,0.9922034238516575,2367,0.7367976341360372,0.9726996582482735,-4.514710127281231e-05,0.001511815931014773
69,ma_s5_l100_sl_none_tp_atr1_5,5,100,none,1.5,-0.21398783122943976,-0.13566539817694845,-0.27062268391730626,0.9912184093431956,2689,0.6980290070658237,0.971498381897654,-4.4718072026447734e-05,0.001427637702534792
70,ma_s30_l150_sl_none_tp_atr1_5,30,150,none,1.5,-0.2352417131088958,-0.14584423194646445,-0.2647428255330244,0.9903776165766024,1699,0.7975279576221307,0.9577267741165424,-7.776369855623207e-05,0.0016318954504525233
71,ma_s30_l100_sl_none_tp_atr1_5,30,100,none,1.5,-0.24204244556997898,-0.1488313850484475,-0.2953613494325802,0.9901100922542201,1927,0.7861961598339388,0.9607679852136092,-7.042469680084534e-05,0.0016097560227070584
72,ma_s20_l200_sl_none_tp_atr2_0,20,200,none,2.0,-0.27431572593965065,-0.1656551140181306,-0.23561049428114356,0.9887392677148968,1276,0.7335423197492164,0.9486476691758502,-0.0001216364887049997,0.0021214498535919663
73,ma_s5_l200_sl_none_tp_atr2_0,5,200,none,2.0,-0.2802708017831446,-0.1690182469962359,-0.2510291867986183,0.9884494383868491,1688,0.6617298578199052,0.9546170600727083,-9.424530169869202e-05,0.0018390005031378109
74,ma_s10_l200_sl_none_tp_atr1_5,10,200,none,1.5,-0.29287080307820046,-0.17343067336521745,-0.26916413387699933,0.9880004210726263,1870,0.7631016042780748,0.950757008375802,-8.815007157385713e-05,0.0015968655591471774
75,ma_s5_l150_sl_none_tp_atr2_0,5,150,none,2.0,-0.3021700465091661,-0.17770339104160204,-0.29371419009302446,0.9876446087950409,1887,0.6422893481717011,0.9555860890158132,-9.010845726362781e-05,0.0018035811430571114
76,ma_s5_l150_sl_none_tp_atr1_5,5,150,none,1.5,-0.31504394252259194,-0.1829407618898743,-0.3013588230978893,0.9871294388867268,2372,0.7154300168634065,0.9553750574681769,-7.44585528504792e-05,0.0015098089773028234
77,ma_s5_l200_sl_none_tp_atr1_5,5,200,none,1.5,-0.3408817021921128,-0.19581136260649157,-0.2708385394259559,0.9860184997630425,2124,0.7311676082862524,0.9468483427697522,-9.04905470804677e-05,0.0015123163273622355
78,ma_s20_l200_sl_none_tp_atr1_5,20,200,none,1.5,-0.35895051270969996,-0.20390791964215116,-0.26049463705204434,0.9853101103539295,1640,0.7926829268292683,0.9345792914297266,-0.00012337358953056068,0.0016353259308759301
79,ma_s30_l200_sl_none_tp_atr2_0,30,200,none,2.0,-0.39141689701177884,-0.2195525243013463,-0.29245552712401046,0.9839627777866142,1206,0.7495854063018242,0.9250818580415715,-0.00018398706138328253,0.002164466355417653
80,ma_s30_l200_sl_none_tp_atr1_5,30,200,none,1.5,-0.5069961285944845,-0.2679548957099437,-0.32657028267805455,0.9793024991654349,1539,0.8031189083820662,0.9055231912026346,-0.00018592613183314994,0.0016644664298316807
81,ma_s10_l50_sl_atr1_5_tp_atr2_0,10,50,1.5,2.0,-0.5454134032827677,-0.26118558502730227,-0.33845871030340025,0.9792231651446308,5226,0.4324531190202832,0.9559843883250276,-5.3813828928207475e-05,-0.0009220706119526498
82,ma_s20_l50_sl_atr1_5_tp_atr2_0,20,50,1.5,2.0,-0.6001603313268193,-0.2802457503248802,-0.31416386584397027,0.9772603494684727,5166,0.44076655052264807,0.952324135766152,-5.954737819338385e-05,-0.0010354619633108529
83,ma_s10_l150_sl_atr1_5_tp_atr2_0,10,150,1.5,2.0,-0.6958248474225951,-0.3163869581476062,-0.38250946771767214,0.9736232711818572,4839,0.4283942963422195,0.9434538168645566,-7.41623984294366e-05,-0.0011559233192394234
84,ma_s5_l100_sl_atr1_5_tp_atr2_0,5,100,1.5,2.0,-0.7056693149623994,-0.3189822490109335,-0.38833698557746854,0.9732791635540754,5044,0.42724028548770815,0.9436013373590214,-7.192893043051801e-05,-0.0010779758204847371
85,ma_s20_l100_sl_atr1_5_tp_atr2_0,20,100,1.5,2.0,-0.7579406208728802,-0.3370631066649933,-0.41904633017808846,0.971348346993032,4918,0.4320862139080927,0.9393461231675299,-7.924219149077943e-05,-0.001152061311130542
86,ma_s20_l150_sl_atr1_5_tp_atr2_0,20,150,1.5,2.0,-0.8399210950530448,-0.36498654725436686,-0.41783485832263534,0.9682747865705865,4833,0.42520173805090006,0.9328503980225455,-8.952347968245838e-05,-0.001207299931187726
87,ma_s5_l50_sl_atr1_5_tp_atr2_0,5,50,1.5,2.0,-0.8616289741120762,-0.37223174059699127,-0.4326000526116641,0.9674271217760777,5424,0.41906342182890854,0.9327920354218268,-8.18804596066318e-05,-0.0009148402622752292
88,ma_s10_l100_sl_atr1_5_tp_atr2_0,10,100,1.5,2.0,-0.8709999636706343,-0.3750307904043182,-0.44936448878316126,0.967096310640006,4959,0.4301270417422868,0.9303727641844454,-9.046536259100679e-05,-0.0011326438993430705
89,ma_s30_l50_sl_atr1_5_tp_atr2_0,30,50,1.5,2.0,-0.8761495922447463,-0.37514537924483804,-0.41369379549705465,0.9670133481422152,5306,0.4391255182811911,0.9321313603023326,-8.462439692994667e-05,-0.0010261474557940729
90,ma_s5_l150_sl_atr1_5_tp_atr2_0,5,150,1.5,2.0,-0.8822412456624766,-0.3788440605173804,-0.44334190301927656,0.9666823342993754,4968,0.4216988727858293,0.930016209835387,-9.152772305775609e-05,-0.0011536529070969703
91,ma_s30_l150_sl_atr1_5_tp_atr2_0,30,150,1.5,2.0,-0.8898628890296583,-0.3807903450357508,-0.41678242254629594,0.9664393127563707,4848,0.43007425742574257,0.929364947010919,-9.44541674219822e-05,-0.001217100719592041
92,ma_s10_l200_sl_atr1_5_tp_atr2_0,10,200,1.5,2.0,-0.902659594447582,-0.38504185355485854,-0.42068156466096573,0.965935726301142,4862,0.42451665981077746,0.9280945509004919,-9.559426300364896e-05,-0.0011990059473168876
93,ma_s5_l200_sl_atr1_5_tp_atr2_0,5,200,1.5,2.0,-0.922534998406237,-0.3913183302559744,-0.43067458103702594,0.9652084223450361,4944,0.4243527508090615,0.9269777831004843,-9.608321732365932e-05,-0.0011664495139456473
94,ma_s30_l100_sl_atr1_5_tp_atr2_0,30,100,1.5,2.0,-0.9402005421056358,-0.39672369376868644,-0.46303167314034455,0.964575776856791,4887,0.42971147943523635,0.9253778809595551,-9.903174548638093e-05,-0.0011959501879446992
95,ma_s10_l150_sl_atr1_0_tp_atr2_0,10,150,1.0,2.0,-0.944480597499894,-0.38888915783831723,-0.4362843929178156,0.9650235942271194,6800,0.33926470588235297,0.9330534971208554,-6.945260593268404e-05,-0.00103120128807942
96,ma_s20_l200_sl_atr1_5_tp_atr2_0,20,200,1.5,2.0,-0.9823034755209975,-0.40948261735470226,-0.43011570528008336,0.9630104135190058,4783,0.423374451181267,0.921693455772973,-0.00010565910370087058,-0.0012331469855659685
97,ma_s10_l50_sl_atr1_5_tp_atr1_5,10,50,1.5,1.5,-1.0150421790312472,-0.4130770703584894,-0.4722357762629732,0.9622024683304704,6549,0.49122003359291494,0.9295730964253853,-7.822262510041202e-05,-0.00014740204608105717
98,ma_s10_l150_sl_atr1_5_tp_atr1_5,10,150,1.5,1.5,-1.040468338247247,-0.4208910919654769,-0.4706692983399764,0.9612821052407495,6165,0.49261962692619626,0.926740164302835,-8.526182715766014e-05,-0.00025110192404327294
99,ma_s20_l50_sl_atr1_5_tp_atr1_5,20,50,1.5,1.5,-1.0518136404329623,-0.4230850849470563,-0.4555095247980181,0.9609482259328418,6521,0.4963962582426008,0.9276991761529467,-8.121086547834545e-05,-6.79107501836398e-05
100,ma_s20_l100_sl_atr1_0_tp_atr2_0,20,100,1.0,2.0,-1.0668895074270766,-0.4243974771392244,-0.47317382587626367,0.9606727613479635,6879,0.3429277511266172,0.9254479918992821,-7.737039813437677e-05,-0.0010282585870855145
101,ma_s20_l100_sl_atr1_5_tp_atr1_5,20,100,1.5,1.5,-1.1105377130555736,-0.4402500892518494,-0.5025197450092751,0.9587874626785088,6238,0.49390830394357166,0.9226365631073918,-8.97297144391603e-05,-0.0001702193026212405
102,ma_s30_l200_sl_atr1_5_tp_atr2_0,30,200,1.5,2.0,-1.12280560605871,-0.45007426747004997,-0.4737487471466013,0.9578844261670831,4788,0.424812030075188,0.9112430284129631,-0.00012043775623386748,-0.001239157678553703
103,ma_s20_l150_sl_atr1_0_tp_atr2_0,20,150,1.0,2.0,-1.1484218925962961,-0.4471106210678911,-0.48292788560861855,0.9576838058816963,6750,0.336,0.9191196943089338,-8.481737937556557e-05,-0.0010480296046195482
104,ma_s10_l50_sl_atr1_0_tp_atr2_0,10,50,1.0,2.0,-1.214248421175089,-0.4673763645361293,-0.504591716868522,0.9551894911554598,7265,0.349070887818307,0.9163043037178534,-8.390639118003377e-05,-0.000992947681951126
105,ma_s5_l100_sl_atr1_5_tp_atr1_5,5,100,1.5,1.5,-1.222448562001881,-0.47152460820179076,-0.5154609308354853,0.9546864838820667,6407,0.4883720930232558,0.9159202753441822,-9.632582653839721e-05,-0.0002977151232735539
106,ma_s20_l50_sl_atr1_0_tp_atr2_0,20,50,1.0,2.0,-1.2397061823159885,-0.4730284707383413,-0.4926217711048202,0.954379943123755,7207,0.35007631469404743,0.9151978243830055,-8.60798860312951e-05,-0.001003783111377273
107,ma_s10_l200_sl_atr1_0_tp_atr2_0,10,200,1.0,2.0,-1.2449818340892658,-0.47375542551410643,-0.4890249432360142,0.9541699140889405,6806,0.3342638848075228,0.9128979103211119,-9.136547278342289e-05,-0.0010480296046195482
108,ma_s30_l100_sl_atr1_5_tp_atr1_5,30,100,1.5,1.5,-1.2450623659887965,-0.4776155914315642,-0.5303821059926681,0.9538665393406232,6182,0.4940148819152378,0.9133694698701322,-0.0001017050401769201,-0.00021467618715124883
109,ma_s20_l150_sl_atr1_5_tp_atr1_5,20,150,1.5,1.5,-1.2460901589887265,-0.47758829779533196,-0.5148076273805605,0.9538600538560262,6148,0.4886141834743006,0.9131820644015014,-0.00010226465982698016,-0.0004500293336558997
110,ma_s10_l100_sl_atr1_5_tp_atr1_5,10,100,1.5,1.5,-1.27140235717153,-0.4851914263193391,-0.5370574915743144,0.9528449712653353,6282,0.49076727156956385,0.9115395174072963,-0.00010239907611129651,-0.00024235982519743652
111,ma_s5_l150_sl_atr1_5_tp_atr1_5,5,150,1.5,1.5,-1.2771585079563317,-0.48608032215779307,-0.5325167698680893,0.9526910396271195,6278,0.4866199426568971,0.912003749983954,-0.00010275085276413097,-0.0003970119762865363
112,ma_s5_l200_sl_atr1_0_tp_atr2_0,5,200,1.0,2.0,-1.29002845110057,-0.4853116109876878,-0.5080420189465684,0.952582539306241,6879,0.3358046227649368,0.9103053535025354,-9.362615290954584e-05,-0.0010435438853649125
113,ma_s30_l150_sl_atr1_0_tp_atr2_0,30,150,1.0,2.0,-1.2909906689753086,-0.48500065285572946,-0.5022006901585798,0.952577809901671,6792,0.33568904593639576,0.9099985981431291,-9.474572846817554e-05,-0.0010475326681606287
114,ma_s30_l150_sl_atr1_5_tp_atr1_5,30,150,1.5,1.5,-1.300883691459077,-0.4913914665244077,-0.5196378826889948,0.951888466089818,6114,0.4914949296696107,0.9095716788678553,-0.00010722131876759143,-0.0004994142207823159
115,ma_s5_l100_sl_atr1_0_tp_atr2_0,5,100,1.0,2.0,-1.3016511252822234,-0.48923174430025795,-0.5142064922294267,0.9521287704880813,7054,0.33924014743407993,0.9101737565861937,-9.237197289894245e-05,-0.0010124935499665384
116,ma_s10_l200_sl_atr1_5_tp_atr1_5,10,200,1.5,1.5,-1.3042447848702214,-0.4920819198122648,-0.5221400985356359,0.951757877857759,6142,0.48876587430804297,0.9093251634648472,-0.00010695707458699122,-0.0004483209986515152
117,ma_s20_l200_sl_atr1_0_tp_atr2_0,20,200,1.0,2.0,-1.3106565775848285,-0.48957451551541487,-0.5008431601584858,0.9518867502608024,6739,0.3332838700103873,0.9085389744438154,-9.682219089532432e-05,-0.0010559693213469876
118,ma_s30_l100_sl_atr1_0_tp_atr2_0,30,100,1.0,2.0,-1.3224232911282798,-0.49282062314513164,-0.5303131715927107,0.9515077000399864,6875,0.3392,0.9086453371470178,-9.583046631858207e-05,-0.0010383905821645242
119,ma_s5_l200_sl_atr1_5_tp_atr1_5,5,200,1.5,1.5,-1.3344924095876591,-0.5004205411382537,-0.5324870625098499,0.9506578025698584,6221,0.4891496543963993,0.907424179092162,-0.00010824745879089346,-0.0003495732118177821
120,ma_s5_l50_sl_atr1_5_tp_atr1_5,5,50,1.5,1.5,-1.3376382600781167,-0.5014696580158002,-0.5476997399070187,0.9505194050892712,6700,0.47820895522388057,0.9091484390284205,-0.00010081821221343402,-0.00031832439305933067
121,ma_s5_l150_sl_atr1_0_tp_atr2_0,5,150,1.0,2.0,-1.3492128191280697,-0.501755831116816,-0.536740741447161,0.9503931449659065,6963,0.33462587964957635,0.9066914268359416,-9.713624601837126e-05,-0.0010361076791359884
122,ma_s30_l50_sl_atr1_5_tp_atr1_5,30,50,1.5,1.5,-1.351678369125748,-0.5039755525985101,-0.5396137351124661,0.9501019046733529,6578,0.4936150805716023,0.9075673764494555,-0.00010347185696820018,-0.000106203203011201
123,ma_s30_l200_sl_atr1_0_tp_atr2_0,30,200,1.0,2.0,-1.3690189232051027,-0.5038327804743821,-0.5168478828995791,0.949810425221321,6725,0.33397769516728626,0.9044153250141818,-0.00010124257166123726,-0.0010580536012819311
124,ma_s20_l200_sl_atr1_5_tp_atr1_5,20,200,1.5,1.5,-1.3858041226538829,-0.5129114121055823,-0.5355011239117405,0.9488010199719885,6085,0.48742810188989316,0.903649900224101,-0.00011483293418023371,-0.0005994946571428506
125,ma_s10_l100_sl_atr1_0_tp_atr2_0,10,100,1.0,2.0,-1.3948523429920703,-0.5126391022911383,-0.5380096926037172,0.9487724982744825,6994,0.3391478410065771,0.9042546651765957,-9.986970664523625e-05,-0.0010290955584308565
126,ma_s10_l150_sl_atr1_0_tp_atr1_5,10,150,1.0,1.5,-1.4710290514844488,-0.5222031094290509,-0.5614279313765215,0.9466877525023049,8621,0.39879364342883655,0.9115593380239094,-8.342998974924249e-05,-0.0009188485201317325
127,ma_s5_l50_sl_atr1_0_tp_atr2_0,5,50,1.0,2.0,-1.5011224985839289,-0.5383261293857904,-0.5626098453627337,0.9449688425651636,7380,0.33712737127371273,0.898242738801758,-0.00010197660299600854,-0.0009779242060314604
128,ma_s30_l200_sl_atr1_5_tp_atr1_5,30,200,1.5,1.5,-1.520436863583294,-0.5443572347750101,-0.568742405532769,0.9440174495401104,6082,0.48947714567576456,0.8949653379216957,-0.00012587185982196057,-0.0006947896362400508
129,ma_s30_l50_sl_atr1_0_tp_atr2_0,30,50,1.0,2.0,-1.5247442066417818,-0.541950769428128,-0.5625222025046692,0.9442830721967161,7334,0.3474229615489501,0.897470726660579,-0.00010371813785607294,-0.0009986507887047025
130,ma_s20_l150_sl_atr1_0_tp_atr1_5,20,150,1.0,1.5,-1.6193092869020835,-0.5552822625539113,-0.5860773227562999,0.9415473562824221,8585,0.3954571927781013,0.9029868246332401,-9.214080898807532e-05,-0.0009378191734721395
131,ma_s20_l100_sl_atr1_0_tp_atr1_5,20,100,1.0,1.5,-1.6238718449595615,-0.5559799532112001,-0.5976239465315188,0.9414435211720106,8714,0.3999311452834519,0.9037408382657265,-9.096043060926578e-05,-0.0009140564105006967
132,ma_s20_l50_sl_atr1_0_tp_atr1_5,20,50,1.0,1.5,-1.6522058712506817,-0.5621746434282326,-0.5832846929789041,0.9404270228819441,8980,0.4038975501113586,0.9031846167991734,-8.982972415707607e-05,-0.0008903651107894262
133,ma_s30_l150_sl_atr1_0_tp_atr1_5,30,150,1.0,1.5,-1.7131657084418341,-0.5748717408354891,-0.5909232285497217,0.938285712699449,8634,0.3954134815844336,0.8985096750863552,-9.683944479920487e-05,-0.0009390614966801823
134,ma_s10_l50_sl_atr1_0_tp_atr1_5,10,50,1.0,1.5,-1.7214531731561313,-0.5770674486840917,-0.6099679603463369,0.9379865271415471,9041,0.40360579581904654,0.8992331691839576,-9.304750559855955e-05,-0.000885728936307922
135,ma_s10_l200_sl_atr1_0_tp_atr1_5,10,200,1.0,1.5,-1.7389695630508288,-0.5805045031531427,-0.5950542061705286,0.9373547291320912,8619,0.394825385775612,0.8966252584148896,-9.85517996144452e-05,-0.0009374467668652858
136,ma_s5_l150_sl_atr1_0_tp_atr1_5,5,150,1.0,1.5,-1.7468992030268453,-0.5830181599105492,-0.6162094588779238,0.9369873128202781,8746,0.39595243539903957,0.8965601142432323,-9.779732250751628e-05,-0.0009195376495078332
137,ma_s30_l100_sl_atr1_0_tp_atr1_5,30,100,1.0,1.5,-1.7576696609692823,-0.5843352561983228,-0.6189807821736404,0.9367317508468785,8679,0.3979721166032953,0.8959630766202318,-9.89272128597481e-05,-0.000927300756548457
138,ma_s20_l200_sl_atr1_0_tp_atr1_5,20,200,1.0,1.5,-1.7666504443864985,-0.5860270307787734,-0.5959272084142277,0.9364169602691296,8541,0.3942161339421613,0.8946706150676782,-0.00010100461212953454,-0.0009426172542409977
139,ma_s5_l200_sl_atr1_0_tp_atr1_5,5,200,1.0,1.5,-1.7743982218928878,-0.5874423521713847,-0.6083999207284393,0.9361209361773871,8663,0.3962830428258109,0.8946393810731421,-9.997930922853472e-05,-0.0009322136410763185
140,ma_s5_l100_sl_atr1_0_tp_atr1_5,5,100,1.0,1.5,-1.778371906907816,-0.5890305898579229,-0.6128634406270828,0.9359882371834006,8900,0.3989887640449438,0.8957516257820543,-9.774117158401399e-05,-0.0008994356116270794
141,ma_s10_l100_sl_atr1_0_tp_atr1_5,10,100,1.0,1.5,-1.8696030869969935,-0.6071848662827579,-0.6360941575582056,0.9327511849122281,8784,0.3977686703096539,0.8900264360175267,-0.00010417271396485243,-0.0009179864342874675
142,ma_s30_l200_sl_atr1_0_tp_atr1_5,30,200,1.0,1.5,-1.8961237269386046,-0.6110680912965344,-0.6213755404208094,0.9319224557323521,8547,0.3937053937053937,0.8874803355682013,-0.00010823781019166403,-0.0009510715576732127
143,ma_s5_l50_sl_atr1_0_tp_atr1_5,5,50,1.0,1.5,-1.90417507594933,-0.6130608939876416,-0.6389407401570885,0.9316650908579507,9157,0.39477994976520697,0.8896365193847341,-0.00010158338636911207,-0.0008768743083739668
144,ma_s30_l50_sl_atr1_0_tp_atr1_5,30,50,1.0,1.5,-1.9752224982383277,-0.625980004902871,-0.6448102185545388,0.9292327143693377,9046,0.40095069644041564,0.8850040806138404,-0.00010658694271453515,-0.0008966057379452498
